itm_no_item|INVALID ITEM
itm_no_item_pl|INVALID ITEM
itm_tutorial_spear|Копье
itm_tutorial_spear_pl|Копье
itm_tutorial_club|Дубина
itm_tutorial_club_pl|Дубина
itm_tutorial_battle_axe|Боевой топор
itm_tutorial_battle_axe_pl|Боевой топор
itm_tutorial_arrows|Стрелы
itm_tutorial_arrows_pl|Стрелы
itm_tutorial_bolts|Болты
itm_tutorial_bolts_pl|Болты
itm_tutorial_short_bow|Короткий лук
itm_tutorial_short_bow_pl|Короткий лук
itm_tutorial_crossbow|Арбалет
itm_tutorial_crossbow_pl|Арбалет
itm_tutorial_throwing_daggers|Метательные кинжалы
itm_tutorial_throwing_daggers_pl|Метательные кинжалы
itm_tutorial_saddle_horse|Верховая лошадь
itm_tutorial_saddle_horse_pl|Верховая лошадь
itm_tutorial_shield|Каплевидный щит
itm_tutorial_shield_pl|Каплевидный щит
itm_tutorial_staff_no_attack|Посох
itm_tutorial_staff_no_attack_pl|Посох
itm_tutorial_staff|Посох
itm_tutorial_staff_pl|Посох
itm_tutorial_sword|Меч
itm_tutorial_sword_pl|Меч
itm_tutorial_axe|Топор
itm_tutorial_axe_pl|Топор
itm_tutorial_dagger|Кинжал
itm_tutorial_dagger_pl|Кинжал
itm_horse_meat|Конина
itm_horse_meat_pl|Конина
itm_practice_sword|Учебный меч
itm_practice_sword_pl|Учебный меч
itm_heavy_practice_sword|Учебный большой меч
itm_heavy_practice_sword_pl|Учебный большой меч
itm_practice_dagger|Учебный кинжал
itm_practice_dagger_pl|Учебный кинжал
itm_practice_axe|Учебный топор
itm_practice_axe_pl|Учебный топор
itm_arena_axe|Топор
itm_arena_axe_pl|Топор
itm_arena_sword|Меч
itm_arena_sword_pl|Меч
itm_arena_sword_two_handed|Двуручный меч
itm_arena_sword_two_handed_pl|Двуручный меч
itm_arena_lance|Кавалерийское копье
itm_arena_lance_pl|Кавалерийское копье
itm_practice_staff|Учебный посох
itm_practice_staff_pl|Учебный посох
itm_practice_lance|Учебное кавалерийское копье
itm_practice_lance_pl|Учебное кавалерийское копье
itm_practice_shield|Учебный щит
itm_practice_shield_pl|Учебный щит
itm_practice_bow|Учебный лук
itm_practice_bow_pl|Учебный лук
itm_practice_crossbow|Учебный арбалет
itm_practice_crossbow_pl|Учебный арбалет
itm_practice_javelin|Учебные метательные копья
itm_practice_javelin_pl|Учебные метательные копья
itm_practice_javelin_melee|Учебное метательное копье
itm_practice_javelin_melee_pl|Учебное метательное копье
itm_practice_throwing_daggers|Метательные кинжалы
itm_practice_throwing_daggers_pl|Метательные кинжалы
itm_practice_throwing_daggers_100_amount|Метательные кинжалы
itm_practice_throwing_daggers_100_amount_pl|Метательные кинжалы
itm_practice_horse|Учебная лошадь
itm_practice_horse_pl|Учебная лошадь
itm_practice_arrows|Учебные стрелы
itm_practice_arrows_pl|Учебные стрелы
itm_practice_bolts|Учебные болты
itm_practice_bolts_pl|Учебные болты
itm_practice_arrows_10_amount|Учебные стрелы
itm_practice_arrows_10_amount_pl|Учебные стрелы
itm_practice_arrows_100_amount|Учебные стрелы
itm_practice_arrows_100_amount_pl|Учебные стрелы
itm_practice_bolts_9_amount|Учебные болты
itm_practice_bolts_9_amount_pl|Учебные болты
itm_practice_boots|Учебные сапоги
itm_practice_boots_pl|Учебные сапоги
itm_red_tourney_armor|Красный турнирный доспех
itm_red_tourney_armor_pl|Красный турнирный доспех
itm_blue_tourney_armor|Синий турнирный доспех
itm_blue_tourney_armor_pl|Синий турнирный доспех
itm_green_tourney_armor|Зеленый турнирный доспех
itm_green_tourney_armor_pl|Зеленый турнирный доспех
itm_gold_tourney_armor|Золотой турнирный доспех
itm_gold_tourney_armor_pl|Золотой турнирный доспех
itm_red_tourney_helmet|Красный турнирный шлем
itm_red_tourney_helmet_pl|Красный турнирный шлем
itm_blue_tourney_helmet|Синий турнирный шлем
itm_blue_tourney_helmet_pl|Синий турнирный шлем
itm_green_tourney_helmet|Зеленый турнирный шлем
itm_green_tourney_helmet_pl|Зеленый турнирный шлем
itm_gold_tourney_helmet|Золотой турнирный шлем
itm_gold_tourney_helmet_pl|Золотой турнирный шлем
itm_arena_shield_red|Щит
itm_arena_shield_red_pl|Щит
itm_arena_shield_blue|Щит
itm_arena_shield_blue_pl|Щит
itm_arena_shield_green|Щит
itm_arena_shield_green_pl|Щит
itm_arena_shield_yellow|Щит
itm_arena_shield_yellow_pl|Щит
itm_arena_armor_white|Белый доспех арены
itm_arena_armor_white_pl|Белый доспех арены
itm_arena_armor_red|Красный доспех арены
itm_arena_armor_red_pl|Красный доспех арены
itm_arena_armor_blue|Синий доспех арены
itm_arena_armor_blue_pl|Синий доспех арены
itm_arena_armor_green|Зеленый доспех арены
itm_arena_armor_green_pl|Зеленый доспех арены
itm_arena_armor_yellow|Желтый доспех арены
itm_arena_armor_yellow_pl|Желтый доспех арены
itm_arena_tunic_white|Белая туника арены
itm_arena_tunic_white_pl|Белая туника арены
itm_arena_tunic_red|Красная туника арены
itm_arena_tunic_red_pl|Красная туника арены
itm_arena_tunic_blue|Синяя туника арены
itm_arena_tunic_blue_pl|Синяя туника арены
itm_arena_tunic_green|Зеленая туника арены
itm_arena_tunic_green_pl|Зеленая туника арены
itm_arena_tunic_yellow|Желтая туника арены
itm_arena_tunic_yellow_pl|Желтая туника арены
itm_arena_helmet_red|Красный шлем арены
itm_arena_helmet_red_pl|Красный шлем арены
itm_arena_helmet_blue|Синий шлем арены
itm_arena_helmet_blue_pl|Синий шлем арены
itm_arena_helmet_green|Зеленый шлем арены
itm_arena_helmet_green_pl|Зеленый шлем арены
itm_arena_helmet_yellow|Желтый шлем арены
itm_arena_helmet_yellow_pl|Желтый шлем арены
itm_steppe_helmet_white|Белый степной шлем
itm_steppe_helmet_white_pl|Белый степной шлем
itm_steppe_helmet_red|Красный степной шлем
itm_steppe_helmet_red_pl|Красный степной шлем
itm_steppe_helmet_blue|Синий степной шлем
itm_steppe_helmet_blue_pl|Синий степной шлем
itm_steppe_helmet_green|Зеленый степной шлем
itm_steppe_helmet_green_pl|Зеленый степной шлем
itm_steppe_helmet_yellow|Желтый степной шлем
itm_steppe_helmet_yellow_pl|Желтый степной шлем
itm_tourney_helm_white|Белый турнирный шлем
itm_tourney_helm_white_pl|Белый турнирный шлем
itm_tourney_helm_red|Красный турнирный шлем
itm_tourney_helm_red_pl|Красный турнирный шлем
itm_tourney_helm_blue|Синий турнирный шлем
itm_tourney_helm_blue_pl|Синий турнирный шлем
itm_tourney_helm_green|Зеленый турнирный шлем
itm_tourney_helm_green_pl|Зеленый турнирный шлем
itm_tourney_helm_yellow|Желтый турнирный шлем
itm_tourney_helm_yellow_pl|Желтый турнирный шлем
itm_arena_turban_red|Тюрбан арены
itm_arena_turban_red_pl|Тюрбан арены
itm_arena_turban_blue|Тюрбан арены
itm_arena_turban_blue_pl|Тюрбан арены
itm_arena_turban_green|Тюрбан арены
itm_arena_turban_green_pl|Тюрбан арены
itm_arena_turban_yellow|Тюрбан арены
itm_arena_turban_yellow_pl|Тюрбан арены
itm_book_tactics|О военном деле
itm_book_tactics_pl|О военном деле
itm_book_persuasion|Риторика к Гереннию
itm_book_persuasion_pl|Риторика к Гереннию
itm_book_leadership|Жизнеописание Аликсена Великого
itm_book_leadership_pl|Жизнеописание Аликсена Великого
itm_book_intelligence|Эссе по логике
itm_book_intelligence_pl|Эссе по логике
itm_book_trade|Трактат о ценности вещей
itm_book_trade_pl|Трактат о ценности вещей
itm_book_weapon_mastery|О искусстве боя на мечах
itm_book_weapon_mastery_pl|О искусстве боя на мечах
itm_book_engineering|Метод механических теорем
itm_book_engineering_pl|Метод механических теорем
itm_book_wound_treatment_reference|Книга о лечении
itm_book_wound_treatment_reference_pl|Книга о лечении
itm_book_training_reference|Руководство по оружию
itm_book_training_reference_pl|Руководство по оружию
itm_book_surgery_reference|Большая книга по хирургии
itm_book_surgery_reference_pl|Большая книга по хирургии
itm_spice|Специи
itm_spice_pl|Специи
itm_salt|Соль
itm_salt_pl|Соль
itm_oil|Масло
itm_oil_pl|Масло
itm_pottery|Гончарные изделия
itm_pottery_pl|Гончарные изделия
itm_raw_flax|Связка льна
itm_raw_flax_pl|Связка льна
itm_linen|Полотно
itm_linen_pl|Полотно
itm_wool|Шерсть
itm_wool_pl|Шерсть
itm_wool_cloth|Шерстяная ткань
itm_wool_cloth_pl|Шерстяная ткань
itm_raw_silk|Шелк-сырец
itm_raw_silk_pl|Шелк-сырец
itm_raw_dyes|Красители
itm_raw_dyes_pl|Красители
itm_velvet|Бархат
itm_velvet_pl|Бархат
itm_iron|Железо
itm_iron_pl|Железо
itm_tools|Инструменты
itm_tools_pl|Инструменты
itm_raw_leather|Шкуры
itm_raw_leather_pl|Шкуры
itm_leatherwork|Обработанная кожа
itm_leatherwork_pl|Обработанная кожа
itm_furs|Меха
itm_furs_pl|Меха
itm_raw_date_fruit|Финики
itm_raw_date_fruit_pl|Финики
itm_wine|Вино
itm_wine_pl|Вино
itm_ale|Эль
itm_ale_pl|Эль
itm_smoked_fish|Копченая рыба
itm_smoked_fish_pl|Копченая рыба
itm_cheese|Сыр
itm_cheese_pl|Сыр
itm_honey|Мед
itm_honey_pl|Мед
itm_sausages|Колбаски
itm_sausages_pl|Колбаски
itm_cabbages|Капуста
itm_cabbages_pl|Капуста
itm_dried_meat|Сушеное мясо
itm_dried_meat_pl|Сушеное мясо
itm_apples|Фрукты
itm_apples_pl|Фрукты
itm_raw_grapes|Виноград
itm_raw_grapes_pl|Виноград
itm_raw_olives|Оливки
itm_raw_olives_pl|Оливки
itm_grain|Пшеница
itm_grain_pl|Пшеница
itm_cattle_meat|Говядина
itm_cattle_meat_pl|Говядина
itm_bread|Хлеб
itm_bread_pl|Хлеб
itm_chicken|Курятина
itm_chicken_pl|Курятина
itm_pork|Свинина
itm_pork_pl|Свинина
itm_butter|Сливочное масло
itm_butter_pl|Сливочное масло
itm_game|Мясо Пасучего
itm_game_pl|Мясо Пасучего
itm_game_big|Мясо Плавниковой Ящерицы
itm_game_big_pl|Мясо Плавниковой Ящерицы
itm_dasher_meat|Мясо Рысака
itm_dasher_meat_pl|Мясо Рысака
itm_siege_supply|Провиант
itm_siege_supply_pl|Провиант
itm_quest_wine|Вино
itm_quest_wine_pl|Вино
itm_quest_ale|Эль
itm_quest_ale_pl|Эль
itm_tutorial_sword_duplicate|Меч
itm_tutorial_sword_duplicate_pl|Меч
itm_tutorial_axe_duplicate|Топор
itm_tutorial_axe_duplicate_pl|Топор
itm_tutorial_spear_duplicate|Копьё
itm_tutorial_spear_duplicate_pl|Копьё
itm_tutorial_club_duplicate|Дубина
itm_tutorial_club_duplicate_pl|Дубина
itm_tutorial_battle_axe_duplicate|Боевой Топор
itm_tutorial_battle_axe_duplicate_pl|Боевой Топор
itm_tutorial_arrows_duplicate|Стрелы
itm_tutorial_arrows_duplicate_pl|Стрелы
itm_tutorial_bolts_duplicate|Болты
itm_tutorial_bolts_duplicate_pl|Болты
itm_tutorial_short_bow_duplicate|Короткий Лук
itm_tutorial_short_bow_duplicate_pl|Короткий Лук
itm_tutorial_crossbow_duplicate|Арбалет
itm_tutorial_crossbow_duplicate_pl|Арбалет
itm_tutorial_throwing_daggers_duplicate|Метательные Кинжалы
itm_tutorial_throwing_daggers_duplicate_pl|Метательные Кинжалы
itm_tutorial_saddle_horse_duplicate|Верховая Лошадь
itm_tutorial_saddle_horse_duplicate_pl|Верховая Лошадь
itm_tutorial_shield_duplicate|Каплевидный Щит
itm_tutorial_shield_duplicate_pl|Каплевидный Щит
itm_tutorial_staff_no_attack_duplicate|Посох
itm_tutorial_staff_no_attack_duplicate_pl|Посох
itm_tutorial_staff_duplicate|Посох
itm_tutorial_staff_duplicate_pl|Посох
itm_sumpter_horse|Вьючная лошадь
itm_sumpter_horse_pl|Вьючная лошадь
itm_saddle_horse|Верховая лошадь
itm_saddle_horse_pl|Верховая лошадь
itm_steppe_horse|Степная лошадь
itm_steppe_horse_pl|Степная лошадь
itm_arabian_horse_a|Пустынная лошадь
itm_arabian_horse_a_pl|Пустынная лошадь
itm_courser|Скаковая лошадь
itm_courser_pl|Скаковая лошадь
itm_arabian_horse_b|Сарранидская лошадь
itm_arabian_horse_b_pl|Сарранидская лошадь
itm_hunter|Гунтер
itm_hunter_pl|Гунтер
itm_warhorse|Боевая лошадь
itm_warhorse_pl|Боевая лошадь
itm_charger|Дестриер
itm_charger_pl|Дестриер
itm_arrows|Стрелы
itm_arrows_pl|Стрелы
itm_khergit_arrows|Хергитские стрелы
itm_khergit_arrows_pl|Хергитские стрелы
itm_barbed_arrows|Двушипные стрелы
itm_barbed_arrows_pl|Двушипные стрелы
itm_bodkin_arrows|Бронебойные стрелы
itm_bodkin_arrows_pl|Бронебойные стрелы
itm_bolts|Болты
itm_bolts_pl|Болты
itm_steel_bolts|Стальные болты
itm_steel_bolts_pl|Стальные болты
itm_cartridges|Патроны
itm_cartridges_pl|Патроны
itm_pilgrim_disguise|Одежда паломника
itm_pilgrim_disguise_pl|Одежда паломника
itm_pilgrim_hood|Капюшон паломника
itm_pilgrim_hood_pl|Капюшон паломника
itm_leather_gloves|Кожаные перчатки
itm_leather_gloves_pl|Кожаные перчатки
itm_mail_mittens|Кольчужные рукавицы
itm_mail_mittens_pl|Кольчужные рукавицы
itm_scale_gauntlets|Чешуйчатые перчатки
itm_scale_gauntlets_pl|Чешуйчатые перчатки
itm_lamellar_gauntlets|Ламеллярные перчатки
itm_lamellar_gauntlets_pl|Ламеллярные перчатки
itm_gauntlets|Латные перчатки
itm_gauntlets_pl|Латные перчатки
itm_wrapping_boots|Обмотки
itm_wrapping_boots_pl|Обмотки
itm_leather_boots_black|Кожа Сапоги
itm_leather_boots_black_pl|Кожа Сапоги
itm_blue_hose|Синие чулки
itm_blue_hose_pl|Синие чулки
itm_hunter_boots|Охотничьи сапоги
itm_hunter_boots_pl|Охотничьи сапоги
itm_hide_boots|Сапоги из шкуры
itm_hide_boots_pl|Сапоги из шкуры
itm_ankle_boots|Ботинки
itm_ankle_boots_pl|Ботинки
itm_nomad_boots|Сапоги кочевника
itm_nomad_boots_pl|Сапоги кочевника
itm_leather_boots|Кожаные сапоги
itm_leather_boots_pl|Кожаные сапоги
itm_splinted_leather_greaves|Накладные кожаные поножи
itm_splinted_leather_greaves_pl|Накладные кожаные поножи
itm_mail_chausses|Кольчужные шоссы
itm_mail_chausses_pl|Кольчужные шоссы
itm_splinted_greaves|Накладные поножи
itm_splinted_greaves_pl|Накладные поножи
itm_mail_boots|Кольчужные сапоги
itm_mail_boots_pl|Кольчужные сапоги
itm_iron_greaves|Железные поножи
itm_iron_greaves_pl|Железные поножи
itm_black_greaves|Черные поножи
itm_black_greaves_pl|Черные поножи
itm_khergit_leather_boots|Хергитские кожаные сапоги
itm_khergit_leather_boots_pl|Хергитские кожаные сапоги
itm_sarranid_boots_a|Сарранидские туфли
itm_sarranid_boots_a_pl|Сарранидские туфли
itm_sarranid_boots_b|Сарранидские кожаные сапоги
itm_sarranid_boots_b_pl|Сарранидские кожаные сапоги
itm_sarranid_boots_c|Пластинчатые сапоги
itm_sarranid_boots_c_pl|Пластинчатые сапоги
itm_sarranid_boots_d|Сарранидские кольчужные сапоги
itm_sarranid_boots_d_pl|Сарранидские кольчужные сапоги
itm_sarranid_head_cloth|Женский платок
itm_sarranid_head_cloth_pl|Женский платок
itm_sarranid_head_cloth_b|Женский платок
itm_sarranid_head_cloth_b_pl|Женский платок
itm_sarranid_felt_head_cloth|Платок
itm_sarranid_felt_head_cloth_pl|Платок
itm_sarranid_felt_head_cloth_b|Платок
itm_sarranid_felt_head_cloth_b_pl|Платок
itm_lady_dress_ruby|Женское платье
itm_lady_dress_ruby_pl|Женское платье
itm_lady_dress_green|Женское платье
itm_lady_dress_green_pl|Женское платье
itm_lady_dress_blue|Женское платье
itm_lady_dress_blue_pl|Женское платье
itm_red_dress|Красное платье
itm_red_dress_pl|Красное платье
itm_brown_dress|Коричневое платье
itm_brown_dress_pl|Коричневое платье
itm_green_dress|Зеленое платье
itm_green_dress_pl|Зеленое платье
itm_khergit_lady_dress|Хергитское женское платье
itm_khergit_lady_dress_pl|Хергитское женское платье
itm_khergit_lady_dress_b|Хергитское кожаное женское платье
itm_khergit_lady_dress_b_pl|Хергитское кожаное женское платье
itm_sarranid_lady_dress|Сарранидское женское платье
itm_sarranid_lady_dress_pl|Сарранидское женское платье
itm_sarranid_lady_dress_b|Сарранидское женское платье
itm_sarranid_lady_dress_b_pl|Сарранидское женское платье
itm_sarranid_common_dress|Сарранидское платье
itm_sarranid_common_dress_pl|Сарранидское платье
itm_sarranid_common_dress_b|Сарранидское платье
itm_sarranid_common_dress_b_pl|Сарранидское платье
itm_courtly_outfit|Изысканная одежда
itm_courtly_outfit_pl|Изысканная одежда
itm_nobleman_outfit|Дворянская одежда
itm_nobleman_outfit_pl|Дворянская одежда
itm_nomad_armor|Доспех кочевника
itm_nomad_armor_pl|Доспех кочевника
itm_khergit_armor|Хергитский доспех
itm_khergit_armor_pl|Хергитский доспех
itm_leather_jacket|Кожаная куртка
itm_leather_jacket_pl|Кожаная куртка
itm_rawhide_coat|Куртка из сырой шкуры
itm_rawhide_coat_pl|Куртка из сырой шкуры
itm_leather_armor|Кожаный доспех
itm_leather_armor_pl|Кожаный доспех
itm_fur_coat|Меховая куртка
itm_fur_coat_pl|Меховая куртка
itm_coat|Куртка
itm_coat_pl|Куртка
itm_leather_coat|Кожаная куртка
itm_leather_coat_pl|Кожаная куртка
itm_mail_coat|Кольчужная куртка
itm_mail_coat_pl|Кольчужная куртка
itm_long_mail_coat|Длинная кольчужная куртка
itm_long_mail_coat_pl|Длинная кольчужная куртка
itm_mail_with_tunic_red|Кольчуга с туникой
itm_mail_with_tunic_red_pl|Кольчуга с туникой
itm_mail_with_tunic_green|Кольчуга с туникой
itm_mail_with_tunic_green_pl|Кольчуга с туникой
itm_hide_coat|Куртка из шкуры
itm_hide_coat_pl|Куртка из шкуры
itm_merchant_outfit|Одежда торговца
itm_merchant_outfit_pl|Одежда торговца
itm_homespun_dress|Домотканое платье
itm_homespun_dress_pl|Домотканое платье
itm_thick_coat|Плотная куртка
itm_thick_coat_pl|Плотная куртка
itm_coat_with_cape|Куртка с капюшоном
itm_coat_with_cape_pl|Куртка с капюшоном
itm_steppe_outfit|Степьная одежда
itm_steppe_outfit_pl|Степьная одежда
itm_nordic_outfit|Нордская одежда
itm_nordic_outfit_pl|Нордская одежда
itm_nordic_armor|Нордский доспех
itm_nordic_armor_pl|Нордский доспех
itm_hide_armor|Доспех из шкуры
itm_hide_armor_pl|Доспех из шкуры
itm_cloaked_tunic|Туника
itm_cloaked_tunic_pl|Туника
itm_sleeveless_tunic|Туника без рукавов
itm_sleeveless_tunic_pl|Туника без рукавов
itm_sleeveless_leather_tunic|Кожаная туника без рукавов
itm_sleeveless_leather_tunic_pl|Кожаная туника без рукавов
itm_linen_shirt|Льняная рубаха
itm_linen_shirt_pl|Льняная рубаха
itm_wool_coat|Шерстяная куртка
itm_wool_coat_pl|Шерстяная куртка
itm_dress|Платье
itm_dress_pl|Платье
itm_blue_dress|Синее платье
itm_blue_dress_pl|Синее платье
itm_peasant_dress|Крестьянское платье
itm_peasant_dress_pl|Крестьянское платье
itm_woolen_dress|Шерстяное платье
itm_woolen_dress_pl|Шерстяное платье
itm_shirt|Рубаха
itm_shirt_pl|Рубаха
itm_linen_tunic|Льняная туника
itm_linen_tunic_pl|Льняная туника
itm_short_tunic|Красная туника
itm_short_tunic_pl|Красная туника
itm_red_shirt|Красная рубаха
itm_red_shirt_pl|Красная рубаха
itm_red_tunic|Красная туника
itm_red_tunic_pl|Красная туника
itm_green_tunic|Зеленая туника
itm_green_tunic_pl|Зеленая туника
itm_blue_tunic|Синяя туника
itm_blue_tunic_pl|Синяя туника
itm_robe|Халат
itm_robe_pl|Халат
itm_coarse_tunic|Туника с жилетом
itm_coarse_tunic_pl|Туника с жилетом
itm_leather_apron|Кожаный фартук
itm_leather_apron_pl|Кожаный фартук
itm_tabard|Табард
itm_tabard_pl|Табард
itm_leather_vest|Кожаный жилет
itm_leather_vest_pl|Кожаный жилет
itm_steppe_armor|Степной доспех
itm_steppe_armor_pl|Степной доспех
itm_gambeson|Гамбезон
itm_gambeson_pl|Гамбезон
itm_jand_robe|Джандахарианец Роба
itm_jand_robe_pl|Джандахарианец Роба
itm_red_gambeson|Красный гамбезон
itm_red_gambeson_pl|Красный гамбезон
itm_padded_cloth|Акетон
itm_padded_cloth_pl|Акетон
itm_aketon_green|Стеганка
itm_aketon_green_pl|Стеганка
itm_leather_jerkin|Кожаная безрукавка
itm_leather_jerkin_pl|Кожаная безрукавка
itm_nomad_vest|Одежда кочевника
itm_nomad_vest_pl|Одежда кочевника
itm_ragged_outfit|Одежда горцев
itm_ragged_outfit_pl|Одежда горцев
itm_padded_leather|Кожаная стеганка
itm_padded_leather_pl|Кожаная стеганка
itm_tribal_warrior_outfit|Одежда племенного воина
itm_tribal_warrior_outfit_pl|Одежда племенного воина
itm_nomad_robe|Халат кочевника
itm_nomad_robe_pl|Халат кочевника
itm_studded_leather_coat|Клепаная кожаная куртка
itm_studded_leather_coat_pl|Клепаная кожаная куртка
itm_byrnie|Кольчуга
itm_byrnie_pl|Кольчуга
itm_haubergeon|Хаубержон
itm_haubergeon_pl|Хаубержон
itm_lamellar_vest|Ламеллярный жилет
itm_lamellar_vest_pl|Ламеллярный жилет
itm_lamellar_vest_khergit|Хергитский ламеллярный жилет
itm_lamellar_vest_khergit_pl|Хергитский ламеллярный жилет
itm_mail_shirt|Кольчужная рубаха
itm_mail_shirt_pl|Кольчужная рубаха
itm_mail_hauberk|Кольчужный хауберк
itm_mail_hauberk_pl|Кольчужный хауберк
itm_mail_with_surcoat|Кольчуга с сюрко
itm_mail_with_surcoat_pl|Кольчуга с сюрко
itm_surcoat_over_mail|Сюрко поверх кольчуги
itm_surcoat_over_mail_pl|Сюрко поверх кольчуги
itm_brigandine_red|Бригантина
itm_brigandine_red_pl|Бригантина
itm_lamellar_armor|Ламеллярный доспех
itm_lamellar_armor_pl|Ламеллярный доспех
itm_scale_armor|Чешуйчатый доспех
itm_scale_armor_pl|Чешуйчатый доспех
itm_banded_armor|Бандажный доспех
itm_banded_armor_pl|Бандажный доспех
itm_cuir_bouilli|Доспех из вываренной кожи
itm_cuir_bouilli_pl|Доспех из вываренной кожи
itm_coat_of_plates|Пластинчатый доспех
itm_coat_of_plates_pl|Пластинчатый доспех
itm_coat_of_plates_red|Пластинчатый доспех
itm_coat_of_plates_red_pl|Пластинчатый доспех
itm_plate_armor|Латный доспех
itm_plate_armor_pl|Латный доспех
itm_black_armor|Черный доспех
itm_black_armor_pl|Черный доспех
itm_pelt_coat|Куртка из шкуры
itm_pelt_coat_pl|Куртка из шкуры
itm_khergit_elite_armor|Хергитский элитный доспех
itm_khergit_elite_armor_pl|Хергитский элитный доспех
itm_vaegir_elite_armor|Вегирский элитный доспех
itm_vaegir_elite_armor_pl|Вегирский элитный доспех
itm_sarranid_elite_armor|Сарранидский элитный доспех
itm_sarranid_elite_armor_pl|Сарранидский элитный доспех
itm_sarranid_dress_a|Платье
itm_sarranid_dress_a_pl|Платье
itm_sarranid_dress_b|Платье
itm_sarranid_dress_b_pl|Платье
itm_sarranid_cloth_robe|Мятый халат
itm_sarranid_cloth_robe_pl|Мятый халат
itm_sarranid_cloth_robe_b|Мятый халат
itm_sarranid_cloth_robe_b_pl|Мятый халат
itm_skirmisher_armor|Доспех застрельщика
itm_skirmisher_armor_pl|Доспех застрельщика
itm_archers_vest|Стеганный жилет лучников
itm_archers_vest_pl|Стеганный жилет лучников
itm_sarranid_leather_armor|Сарранидский кожаный доспех
itm_sarranid_leather_armor_pl|Сарранидский кожаный доспех
itm_sarranid_cavalry_robe|Кавалерийский халат
itm_sarranid_cavalry_robe_pl|Кавалерийский халат
itm_arabian_armor_b|Доспех сарранидской стражи
itm_arabian_armor_b_pl|Доспех сарранидской стражи
itm_sarranid_mail_shirt|Сарранидская кольчужная рубаха
itm_sarranid_mail_shirt_pl|Сарранидская кольчужная рубаха
itm_mamluke_mail|Кольчуга мамлюка
itm_mamluke_mail_pl|Кольчуга мамлюка
itm_burlap_tunic|Джутовая туника
itm_burlap_tunic_pl|Джутовая туника
itm_heraldic_mail_with_surcoat|Геральдическая кольчуга с сюрко
itm_heraldic_mail_with_surcoat_pl|Геральдическая кольчуга с сюрко
itm_heraldic_mail_with_tunic|Геральдическая кольчуга
itm_heraldic_mail_with_tunic_pl|Геральдическая кольчуга
itm_heraldic_mail_with_tunic_b|Геральдическая кольчуга
itm_heraldic_mail_with_tunic_b_pl|Геральдическая кольчуга
itm_heraldic_mail_with_tabard|Геральдическая кольчуга с табардом
itm_heraldic_mail_with_tabard_pl|Геральдическая кольчуга с табардом
itm_turret_hat_ruby|Барбетт
itm_turret_hat_ruby_pl|Барбетт
itm_turret_hat_blue|Барбетт
itm_turret_hat_blue_pl|Барбетт
itm_turret_hat_green|Барбетт
itm_turret_hat_green_pl|Барбетт
itm_head_wrappings|Повязка
itm_head_wrappings_pl|Повязка
itm_court_hat|Барбетт
itm_court_hat_pl|Барбетт
itm_wimple_a|Вимпл
itm_wimple_a_pl|Вимпл
itm_wimple_with_veil|Вимпл
itm_wimple_with_veil_pl|Вимпл
itm_straw_hat|Соломенная шляпа
itm_straw_hat_pl|Соломенная шляпа
itm_common_hood|Капюшон
itm_common_hood_pl|Капюшон
itm_hood_b|Капюшон
itm_hood_b_pl|Капюшон
itm_hood_c|Капюшон
itm_hood_c_pl|Капюшон
itm_hood_d|Капюшон
itm_hood_d_pl|Капюшон
itm_headcloth|Платок
itm_headcloth_pl|Платок
itm_woolen_hood|Шерстяной капюшон
itm_woolen_hood_pl|Шерстяной капюшон
itm_arming_cap|Боевой чепец
itm_arming_cap_pl|Боевой чепец
itm_fur_hat|Меховая шапка
itm_fur_hat_pl|Меховая шапка
itm_nomad_cap|Шапка кочевника
itm_nomad_cap_pl|Шапка кочевника
itm_nomad_cap_b|Шапка кочевника
itm_nomad_cap_b_pl|Шапка кочевника
itm_steppe_cap|Степная шапка
itm_steppe_cap_pl|Степная шапка
itm_padded_coif|Стеганный подшлемник
itm_padded_coif_pl|Стеганный подшлемник
itm_woolen_cap|Шерстяная шапка
itm_woolen_cap_pl|Шерстяная шапка
itm_felt_hat|Фетровая шляпа
itm_felt_hat_pl|Фетровая шляпа
itm_felt_hat_b|Фетровая шапка
itm_felt_hat_b_pl|Фетровая шапка
itm_leather_cap|Кожаная шапка
itm_leather_cap_pl|Кожаная шапка
itm_female_hood|Женский капюшон
itm_female_hood_pl|Женский капюшон
itm_leather_steppe_cap_a|Степная шапка
itm_leather_steppe_cap_a_pl|Степная шапка
itm_leather_steppe_cap_b|Степная шапка
itm_leather_steppe_cap_b_pl|Степная шапка
itm_leather_steppe_cap_c|Степная шапка
itm_leather_steppe_cap_c_pl|Степная шапка
itm_leather_warrior_cap|Боевая кожаная шапка
itm_leather_warrior_cap_pl|Боевая кожаная шапка
itm_skullcap|Шлем
itm_skullcap_pl|Шлем
itm_mail_coif|Кольчужный капюшон
itm_mail_coif_pl|Кольчужный капюшон
itm_footman_helmet|Пехотный шлем
itm_footman_helmet_pl|Пехотный шлем
itm_nasal_helmet|Шлем с наносником
itm_nasal_helmet_pl|Шлем с наносником
itm_norman_helmet|Шлем с чепцом
itm_norman_helmet_pl|Шлем с чепцом
itm_segmented_helmet|Сегментный шлем
itm_segmented_helmet_pl|Сегментный шлем
itm_helmet_with_neckguard|Шлем с назатыльником
itm_helmet_with_neckguard_pl|Шлем с назатыльником
itm_flat_topped_helmet|Плосковерхий шлем
itm_flat_topped_helmet_pl|Плосковерхий шлем
itm_kettle_hat|Шапель
itm_kettle_hat_pl|Шапель
itm_spiked_helmet|Остроконечный шлем
itm_spiked_helmet_pl|Остроконечный шлем
itm_nordic_helmet|Нордский шлем
itm_nordic_helmet_pl|Нордский шлем
itm_khergit_lady_hat|Хергитская женская шапка
itm_khergit_lady_hat_pl|Хергитская женская шапка
itm_khergit_lady_hat_b|Хергитская женская кожаная шапка
itm_khergit_lady_hat_b_pl|Хергитская женская кожаная шапка
itm_sarranid_felt_hat|Сарранидская фетровая шапка
itm_sarranid_felt_hat_pl|Сарранидская фетровая шапка
itm_turban|Тюрбан
itm_turban_pl|Тюрбан
itm_desert_turban|Пустынный тюрбан
itm_desert_turban_pl|Пустынный тюрбан
itm_sarranid_warrior_cap|Сарранидская боевая шапка
itm_sarranid_warrior_cap_pl|Сарранидская боевая шапка
itm_sarranid_horseman_helmet|Кавалерийский шлем
itm_sarranid_horseman_helmet_pl|Кавалерийский шлем
itm_sarranid_helmet1|Сарранидский шлем-куфия
itm_sarranid_helmet1_pl|Сарранидский шлем-куфия
itm_sarranid_mail_coif|Сарранидский кольчужный капюшон
itm_sarranid_mail_coif_pl|Сарранидский кольчужный капюшон
itm_sarranid_veiled_helmet|Сарранидский закрытый шлем
itm_sarranid_veiled_helmet_pl|Сарранидский закрытый шлем
itm_nordic_archer_helmet|Нордский кожаный шлем
itm_nordic_archer_helmet_pl|Нордский кожаный шлем
itm_nordic_veteran_archer_helmet|Нордский кожаный шлем
itm_nordic_veteran_archer_helmet_pl|Нордский кожаный шлем
itm_nordic_footman_helmet|Нордский боевой шлем
itm_nordic_footman_helmet_pl|Нордский боевой шлем
itm_nordic_fighter_helmet|Нордский боевой шлем
itm_nordic_fighter_helmet_pl|Нордский боевой шлем
itm_nordic_huscarl_helmet|Нордский шлем хускарлов
itm_nordic_huscarl_helmet_pl|Нордский шлем хускарлов
itm_nordic_warlord_helmet|Нордский шлем военачальника
itm_nordic_warlord_helmet_pl|Нордский шлем военачальника
itm_vaegir_fur_cap|Шлем с мехом
itm_vaegir_fur_cap_pl|Шлем с мехом
itm_vaegir_fur_helmet|Вегирский шлем
itm_vaegir_fur_helmet_pl|Вегирский шлем
itm_vaegir_spiked_helmet|Остроконечный шлем
itm_vaegir_spiked_helmet_pl|Остроконечный шлем
itm_vaegir_lamellar_helmet|Шлем с ламеллярной защитой
itm_vaegir_lamellar_helmet_pl|Шлем с ламеллярной защитой
itm_vaegir_noble_helmet|Вегирский дворянский шлем
itm_vaegir_noble_helmet_pl|Вегирский дворянский шлем
itm_vaegir_war_helmet|Вегирский боевой шлем
itm_vaegir_war_helmet_pl|Вегирский боевой шлем
itm_vaegir_mask|Вегирская боевая маска
itm_vaegir_mask_pl|Вегирская боевая маска
itm_bascinet|Бацинет
itm_bascinet_pl|Бацинет
itm_bascinet_2|Бацинет с бармицей
itm_bascinet_2_pl|Бацинет с бармицей
itm_bascinet_3|Бацинет с ноносником
itm_bascinet_3_pl|Бацинет ноносником
itm_guard_helmet|Шлем стражи
itm_guard_helmet_pl|Шлем стражи
itm_black_helmet|Черный шлем
itm_black_helmet_pl|Черный шлем
itm_full_helm|Закрытый шлем
itm_full_helm_pl|Закрытый шлем
itm_great_helmet|Большой шлем
itm_great_helmet_pl|Большой шлем
itm_winged_great_helmet|Крылатый большой шлем
itm_winged_great_helmet_pl|Крылатый большой шлем
itm_wooden_stick|Деревянная палка
itm_wooden_stick_pl|Деревянная палка
itm_cudgel|Дубинка
itm_cudgel_pl|Дубинка
itm_hammer|Молот
itm_hammer_pl|Молот
itm_club|Дубина
itm_club_pl|Дубина
itm_winged_mace|Шестопер
itm_winged_mace_pl|Шестопер
itm_spiked_mace|Буздыхан
itm_spiked_mace_pl|Буздыхан
itm_military_hammer|Боевой молот
itm_military_hammer_pl|Боевой молот
itm_maul|Кувалда
itm_maul_pl|Кувалда
itm_sledgehammer|Кузнечный молот
itm_sledgehammer_pl|Кузнечный молот
itm_warhammer|Большой молот
itm_warhammer_pl|Большой молот
itm_pickaxe|Кирка
itm_pickaxe_pl|Кирка
itm_spiked_club|Палица
itm_spiked_club_pl|Палица
itm_fighting_pick|Чекан
itm_fighting_pick_pl|Чекан
itm_military_pick|Клевец
itm_military_pick_pl|Клевец
itm_morningstar|Моргенштерн
itm_morningstar_pl|Моргенштерн
itm_sickle|Серп
itm_sickle_pl|Серп
itm_cleaver|Секач
itm_cleaver_pl|Секач
itm_knife|Нож
itm_knife_pl|Нож
itm_butchering_knife|Нож мясника
itm_butchering_knife_pl|Нож мясника
itm_dagger|Кинжал
itm_dagger_pl|Кинжал
itm_falchion|Фальшион
itm_falchion_pl|Фальшион
itm_scimitar|Скимитар
itm_scimitar_pl|Скимитар
itm_scimitar_b|Элитный скимитар
itm_scimitar_b_pl|Элитный скимитар
itm_arabian_sword_a|Сарранидский меч
itm_arabian_sword_a_pl|Сарранидский меч
itm_arabian_sword_b|Сарранидский боевой меч
itm_arabian_sword_b_pl|Сарранидский боевой меч
itm_sarranid_cavalry_sword|Сарранидский кавалерийский меч
itm_sarranid_cavalry_sword_pl|Сарранидский кавалерийский меч
itm_arabian_sword_d|Меч сарранидской стражи
itm_arabian_sword_d_pl|Меч сарранидской стражи
itm_great_sword|Большой меч
itm_great_sword_pl|Большой меч
itm_sword_of_war|Меч войны
itm_sword_of_war_pl|Меч войны
itm_hatchet|Топорик
itm_hatchet_pl|Топорик
itm_hand_axe|Одноручный топор
itm_hand_axe_pl|Одноручный топор
itm_fighting_axe|Боевой топор
itm_fighting_axe_pl|Боевой топор
itm_axe|Топор
itm_axe_pl|Топор
itm_voulge|Вуж
itm_voulge_pl|Вуж
itm_battle_axe|Боевой топор
itm_battle_axe_pl|Боевой топор
itm_war_axe|Боевой топор
itm_war_axe_pl|Боевой топор
itm_sword_two_handed_b|Двуручный меч
itm_sword_two_handed_b_pl|Двуручный меч
itm_sword_two_handed_a|Большой меч
itm_sword_two_handed_a_pl|Большой меч
itm_khergit_sword_two_handed_a|Двуручная сабля
itm_khergit_sword_two_handed_a_pl|Двуручная сабля
itm_khergit_sword_two_handed_b|Двуручная сабля
itm_khergit_sword_two_handed_b_pl|Двуручная сабля
itm_two_handed_cleaver|Двуручный секач
itm_two_handed_cleaver_pl|Двуручный секач
itm_military_cleaver_b|Боевой секач
itm_military_cleaver_b_pl|Боевой секач
itm_military_cleaver_c|Боевой секач
itm_military_cleaver_c_pl|Боевой секач
itm_military_sickle_a|Боевой серп
itm_military_sickle_a_pl|Боевой серп
itm_bastard_sword_a|Меч-бастард
itm_bastard_sword_a_pl|Меч-бастард
itm_bastard_sword_b|Большой меч-бастард
itm_bastard_sword_b_pl|Большой меч-бастард
itm_one_handed_war_axe_a|Одноручный топор
itm_one_handed_war_axe_a_pl|Одноручный топор
itm_one_handed_battle_axe_a|Одноручный боевой топор
itm_one_handed_battle_axe_a_pl|Одноручный боевой топор
itm_one_handed_war_axe_b|Одноручный боевой топор
itm_one_handed_war_axe_b_pl|Одноручный боевой топор
itm_one_handed_battle_axe_b|Одноручный боевой топор
itm_one_handed_battle_axe_b_pl|Одноручный боевой топор
itm_one_handed_battle_axe_c|Одноручный боевой топор
itm_one_handed_battle_axe_c_pl|Одноручный боевой топор
itm_two_handed_axe|Двуручный топор
itm_two_handed_axe_pl|Двуручный топор
itm_two_handed_battle_axe_2|Двуручный боевой топор
itm_two_handed_battle_axe_2_pl|Двуручный боевой топор
itm_shortened_voulge|Укороченный вуж
itm_shortened_voulge_pl|Укороченный вуж
itm_great_axe|Большой топор
itm_great_axe_pl|Большой топор
itm_long_axe|Длинный топор
itm_long_axe_pl|Длинный топор
itm_long_axe_alt|Длинный топор
itm_long_axe_alt_pl|Длинный топор
itm_long_axe_b|Длинный боевой топор
itm_long_axe_b_pl|Длинный боевой топор
itm_long_axe_b_alt|Длинный боевой топор
itm_long_axe_b_alt_pl|Длинный боевой топор
itm_long_axe_c|Длинный большой топор
itm_long_axe_c_pl|Длинный большой топор
itm_long_axe_c_alt|Длинный большой топор
itm_long_axe_c_alt_pl|Длинный большой топор
itm_bardiche|Бердыш
itm_bardiche_pl|Бердыш
itm_great_bardiche|Большой бердыш
itm_great_bardiche_pl|Большой бердыш
itm_voulge_duplicate|Гуаньдао
itm_voulge_duplicate_pl|Гуаньдао
itm_long_bardiche|Длинный бердыш
itm_long_bardiche_pl|Длинный бердыш
itm_great_long_bardiche|Длинный большой бердыш
itm_great_long_bardiche_pl|Длинный большой бердыш
itm_hafted_blade_b|Меч на древке
itm_hafted_blade_b_pl|Меч на древке
itm_hafted_blade_a|Меч на древке
itm_hafted_blade_a_pl|Меч на древке
itm_shortened_military_scythe|Укороченная боевая коса
itm_shortened_military_scythe_pl|Укороченная боевая коса
itm_sword_medieval_a|Меч
itm_sword_medieval_a_pl|Меч
itm_sword_medieval_b|Меч
itm_sword_medieval_b_pl|Меч
itm_sword_medieval_b_small|Короткий меч
itm_sword_medieval_b_small_pl|Короткий меч
itm_sword_medieval_c|Боевой меч
itm_sword_medieval_c_pl|Боевой меч
itm_sword_medieval_c_small|Короткий боевой меч
itm_sword_medieval_c_small_pl|Короткий боевой меч
itm_sword_medieval_c_long|Боевой меч
itm_sword_medieval_c_long_pl|Боевой меч
itm_sword_medieval_d_long|Длинный боевой меч
itm_sword_medieval_d_long_pl|Длинный боевой меч
itm_sword_viking_1|Нордский меч
itm_sword_viking_1_pl|Нордский меч
itm_sword_viking_2|Нордский меч
itm_sword_viking_2_pl|Нордский меч
itm_sword_viking_2_small|Нордский короткий меч
itm_sword_viking_2_small_pl|Нордский короткий меч
itm_sword_viking_3|Нордский боевой меч
itm_sword_viking_3_pl|Нордский боевой меч
itm_sword_viking_3_small|Нордский короткий боевой меч
itm_sword_viking_3_small_pl|Нордский короткий боевой меч
itm_sword_khergit_1|Сабля кочевника
itm_sword_khergit_1_pl|Сабля кочевника
itm_sword_khergit_2|Сабля
itm_sword_khergit_2_pl|Сабля
itm_sword_khergit_3|Сабля
itm_sword_khergit_3_pl|Сабля
itm_sword_khergit_4|Большая сабля
itm_sword_khergit_4_pl|Большая сабля
itm_mace_1|Палица
itm_mace_1_pl|Палица
itm_mace_2|Булава
itm_mace_2_pl|Булава
itm_mace_3|Булава
itm_mace_3_pl|Булава
itm_mace_4|Пернач
itm_mace_4_pl|Пернач
itm_club_with_spike_head|Годендаг
itm_club_with_spike_head_pl|Годендаг
itm_long_spiked_club|Длинная палица
itm_long_spiked_club_pl|Длинная палица
itm_long_hafted_knobbed_mace|Длинная булава
itm_long_hafted_knobbed_mace_pl|Длинная булава
itm_long_hafted_spiked_mace|Длинная булава
itm_long_hafted_spiked_mace_pl|Длинная булава
itm_sarranid_two_handed_mace_1|Железная булава
itm_sarranid_two_handed_mace_1_pl|Железная булава
itm_sarranid_mace_1|Железная булава
itm_sarranid_mace_1_pl|Железная булава
itm_sarranid_axe_a|Железный боевой топор
itm_sarranid_axe_a_pl|Железный боевой топор
itm_sarranid_axe_b|Железный боевой топор
itm_sarranid_axe_b_pl|Железный боевой топор
itm_sarranid_two_handed_axe_a|Сарранидский боевой топор
itm_sarranid_two_handed_axe_a_pl|Сарранидский боевой топор
itm_sarranid_two_handed_axe_b|Сарранидский боевой топор
itm_sarranid_two_handed_axe_b_pl|Сарранидский боевой топор
itm_scythe|Коса
itm_scythe_pl|Коса
itm_pitch_fork|Вилы
itm_pitch_fork_pl|Вилы
itm_military_fork|Боевые вилы
itm_military_fork_pl|Боевые вилы
itm_battle_fork|Боевые вилы
itm_battle_fork_pl|Боевые вилы
itm_boar_spear|Кабанье копье
itm_boar_spear_pl|Кабанье копье
itm_jousting_lance|Турнирное кавалерийское копье
itm_jousting_lance_pl|Турнирное кавалерийское копье
itm_double_sided_lance|Двустороннее кавалерийское копье
itm_double_sided_lance_pl|Двустороннее кавалерийское копье
itm_glaive|Глефа
itm_glaive_pl|Глефа
itm_poleaxe|Поллэкс
itm_poleaxe_pl|Поллэкс
itm_polehammer|Длинный молот
itm_polehammer_pl|Длинный молот
itm_staff|Посох
itm_staff_pl|Посох
itm_quarter_staff|Окованный посох
itm_quarter_staff_pl|Окованный посох
itm_iron_staff|Железный посох
itm_iron_staff_pl|Железный посох
itm_shortened_spear|Укороченное копье
itm_shortened_spear_pl|Укороченное копье
itm_spear|Копье
itm_spear_pl|Копье
itm_bamboo_spear|Бамбуковое копье
itm_bamboo_spear_pl|Бамбуковое копье
itm_war_spear|Боевое копье
itm_war_spear_pl|Боевое копье
itm_military_scythe|Боевая коса
itm_military_scythe_pl|Боевая коса
itm_light_lance|Легкое кавалерийское копье
itm_light_lance_pl|Легкое кавалерийское копье
itm_lance|Кавалерийское копье
itm_lance_pl|Кавалерийское копье
itm_heavy_lance|Тяжелое кавалерийское копье
itm_heavy_lance_pl|Тяжелое кавалерийское копье
itm_great_lance|Большое кавалерийское копье
itm_great_lance_pl|Большое кавалерийское копье
itm_pike|Пика
itm_pike_pl|Пика
itm_ashwood_pike|Ясеневая пика
itm_ashwood_pike_pl|Ясеневая пика
itm_awlpike|Альшпис
itm_awlpike_pl|Альшпис
itm_awlpike_long|Длинный альшпис
itm_awlpike_long_pl|Длинный альшпис
itm_bec_de_corbin_a|Вороний клюв
itm_bec_de_corbin_a_pl|Вороний клюв
itm_wooden_shield|Деревянный щит
itm_wooden_shield_pl|Деревянный щит
itm_nordic_shield|Нордский щит
itm_nordic_shield_pl|Нордский щит
itm_fur_covered_shield|Обтянутый мехом щит
itm_fur_covered_shield_pl|Обтянутый мехом щит
itm_steel_shield|Стальной щит
itm_steel_shield_pl|Стальной щит
itm_plate_covered_round_shield|Кованый круглый щит
itm_plate_covered_round_shield_pl|Кованый круглый щит
itm_leather_covered_round_shield|Обтянутый кожей круглый щит
itm_leather_covered_round_shield_pl|Обтянутый кожей круглый щит
itm_hide_covered_round_shield|Обтянутый шкурой круглый щит
itm_hide_covered_round_shield_pl|Обтянутый шкурой круглый щит
itm_shield_heater_c|Каленый щит
itm_shield_heater_c_pl|Каленый щит
itm_norman_shield_1|Каплевидный щит
itm_norman_shield_1_pl|Каплевидный щит
itm_norman_shield_2|Каплевидный щит
itm_norman_shield_2_pl|Каплевидный щит
itm_norman_shield_3|Каплевидный щит
itm_norman_shield_3_pl|Каплевидный щит
itm_norman_shield_4|Каплевидный щит
itm_norman_shield_4_pl|Каплевидный щит
itm_norman_shield_5|Каплевидный щит
itm_norman_shield_5_pl|Каплевидный щит
itm_norman_shield_6|Каплевидный щит
itm_norman_shield_6_pl|Каплевидный щит
itm_norman_shield_7|Каплевидный щит
itm_norman_shield_7_pl|Каплевидный щит
itm_norman_shield_8|Каплевидный щит
itm_norman_shield_8_pl|Каплевидный щит
itm_tab_shield_round_a|Старый круглый щит
itm_tab_shield_round_a_pl|Старый круглый щит
itm_tab_shield_round_b|Простой круглый щит
itm_tab_shield_round_b_pl|Простой круглый щит
itm_tab_shield_round_c|Круглый щит
itm_tab_shield_round_c_pl|Круглый щит
itm_tab_shield_round_d|Тяжелый круглый щит
itm_tab_shield_round_d_pl|Тяжелый круглый щит
itm_tab_shield_round_e|Круглый щит хускарлов
itm_tab_shield_round_e_pl|Круглый щит хускарлов
itm_tab_shield_kite_a|Старый каплевидный щит
itm_tab_shield_kite_a_pl|Старый каплевидный щит
itm_tab_shield_kite_b|Простой каплевидный щит
itm_tab_shield_kite_b_pl|Простой каплевидный щит
itm_tab_shield_kite_c|Каплевидный щит
itm_tab_shield_kite_c_pl|Каплевидный щит
itm_tab_shield_kite_d|Тяжелый каплевидный щит
itm_tab_shield_kite_d_pl|Тяжелый каплевидный щит
itm_tab_shield_kite_cav_a|Кавалерийский каплевидный щит
itm_tab_shield_kite_cav_a_pl|Кавалерийский каплевидный щит
itm_tab_shield_kite_cav_b|Рыцарский каплевидный щит
itm_tab_shield_kite_cav_b_pl|Рыцарский каплевидный щит
itm_tab_shield_heater_a|Старый каленый щит
itm_tab_shield_heater_a_pl|Старый каленый щит
itm_tab_shield_heater_b|Простой каленый щит
itm_tab_shield_heater_b_pl|Простой каленый щит
itm_tab_shield_heater_c|Каленый щит
itm_tab_shield_heater_c_pl|Каленый щит
itm_tab_shield_heater_d|Тяжелый каленый щит
itm_tab_shield_heater_d_pl|Тяжелый каленый щит
itm_tab_shield_heater_cav_a|Кавалерийский каленый щит
itm_tab_shield_heater_cav_a_pl|Кавалерийский каленый щит
itm_tab_shield_heater_cav_b|Рыцарский каленый щит
itm_tab_shield_heater_cav_b_pl|Рыцарский каленый щит
itm_tab_shield_pavise_a|Старая павеза
itm_tab_shield_pavise_a_pl|Старая павеза
itm_tab_shield_pavise_b|Простая павеза
itm_tab_shield_pavise_b_pl|Простая павеза
itm_tab_shield_pavise_c|Павеза
itm_tab_shield_pavise_c_pl|Павеза
itm_tab_shield_pavise_d|Тяжелая павеза
itm_tab_shield_pavise_d_pl|Тяжелая павеза
itm_tab_shield_small_round_a|Простой кавалерийский щит
itm_tab_shield_small_round_a_pl|Простой кавалерийский щит
itm_tab_shield_small_round_b|Круглый кавалерийский щит
itm_tab_shield_small_round_b_pl|Круглый кавалерийский щит
itm_tab_shield_small_round_c|Элитный кавалерийский щит
itm_tab_shield_small_round_c_pl|Элитный кавалерийский щит
itm_darts|Дротики
itm_darts_pl|Дротики
itm_war_darts|Боевые дротики
itm_war_darts_pl|Боевые дротики
itm_javelin|Метательные копья
itm_javelin_pl|Метательные копья
itm_javelin_melee|Метательное копье
itm_javelin_melee_pl|Метательное копье
itm_throwing_spears|Метательные копья
itm_throwing_spears_pl|Метательные копья
itm_throwing_spear_melee|Метательное копье
itm_throwing_spear_melee_pl|Метательное копье
itm_jarid|Джириды
itm_jarid_pl|Джириды
itm_jarid_melee|Джирид
itm_jarid_melee_pl|Джирид
itm_stones|Камни
itm_stones_pl|Камни
itm_throwing_knives|Метательные ножи
itm_throwing_knives_pl|Метательные ножи
itm_throwing_daggers|Метательные кинжалы
itm_throwing_daggers_pl|Метательные кинжалы
itm_light_throwing_axes|Легкие метательные топоры
itm_light_throwing_axes_pl|Легкие метательные топоры
itm_light_throwing_axes_melee|Легкий метательный топор
itm_light_throwing_axes_melee_pl|Легкий метательный топор
itm_throwing_axes|Метательные топоры
itm_throwing_axes_pl|Метательные топоры
itm_throwing_axes_melee|Метательный топор
itm_throwing_axes_melee_pl|Метательный топор
itm_heavy_throwing_axes|Тяжелые метательные топоры
itm_heavy_throwing_axes_pl|Тяжелые метательные топоры
itm_heavy_throwing_axes_melee|Тяжелый метательный топор
itm_heavy_throwing_axes_melee_pl|Тяжелый метательный топор
itm_hunting_bow|Охотничий лук
itm_hunting_bow_pl|Охотничий лук
itm_short_bow|Короткий лук
itm_short_bow_pl|Короткий лук
itm_nomad_bow|Лук кочевника
itm_nomad_bow_pl|Лук кочевника
itm_long_bow|Длинный лук
itm_long_bow_pl|Длинный лук
itm_khergit_bow|Хергитский лук
itm_khergit_bow_pl|Хергитский лук
itm_strong_bow|Тугой лук
itm_strong_bow_pl|Тугой лук
itm_war_bow|Боевой лук
itm_war_bow_pl|Боевой лук
itm_hunting_crossbow|Охотничий арбалет
itm_hunting_crossbow_pl|Охотничий арбалет
itm_light_crossbow|Легкий арбалет
itm_light_crossbow_pl|Легкий арбалет
itm_crossbow|Арбалет
itm_crossbow_pl|Арбалет
itm_heavy_crossbow|Тяжелый арбалет
itm_heavy_crossbow_pl|Тяжелый арбалет
itm_sniper_crossbow|Осадный арбалет
itm_sniper_crossbow_pl|Осадный арбалет
itm_flintlock_pistol|Кремневый пистолет
itm_flintlock_pistol_pl|Кремневый пистолет
itm_torch|Факел
itm_torch_pl|Факел
itm_lyre|Лира
itm_lyre_pl|Лира
itm_lute|Лютня
itm_lute_pl|Лютня
itm_strange_armor|Чужеземный доспех
itm_strange_armor_pl|Чужеземный доспех
itm_strange_boots|Чужеземные сапоги
itm_strange_boots_pl|Чужеземные сапоги
itm_strange_helmet|Чужеземный шлем
itm_strange_helmet_pl|Чужеземный шлем
itm_strange_sword|Чужеземный меч
itm_strange_sword_pl|Чужеземный меч
itm_strange_great_sword|Чужеземный большой меч
itm_strange_great_sword_pl|Чужеземный большой меч
itm_strange_short_sword|Чужеземный короткий меч
itm_strange_short_sword_pl|Чужеземный короткий меч
itm_court_dress|Дворянское платье
itm_court_dress_pl|Дворянское платье
itm_rich_outfit|Роскошная одежда
itm_rich_outfit_pl|Роскошная одежда
itm_khergit_guard_armor|Доспех хергитской стражи
itm_khergit_guard_armor_pl|Доспех хергитской стражи
itm_felt_steppe_cap|Фетровая степная шапка
itm_felt_steppe_cap_pl|Фетровая степная шапка
itm_khergit_war_helmet|Хергитский боевой шлем
itm_khergit_war_helmet_pl|Хергитский боевой шлем
itm_khergit_helmet|Хергитский шлем
itm_khergit_helmet_pl|Хергитский шлем
itm_khergit_guard_boots|Сапоги хергитской стражи
itm_khergit_guard_boots_pl|Сапоги хергитской стражи
itm_khergit_guard_helmet|Шлем хергитской стражи
itm_khergit_guard_helmet_pl|Шлем хергитской стражи
itm_khergit_cavalry_helmet|Хергитский кавалерийский шлем
itm_khergit_cavalry_helmet_pl|Хергитский кавалерийский шлем
itm_black_hood|Черный капюшон
itm_black_hood_pl|Черный капюшон
itm_light_leather|Легкий кожаный доспех
itm_light_leather_pl|Легкий кожаный доспех
itm_light_leather_boots|Легкие кожаные сапоги
itm_light_leather_boots_pl|Легкие кожаные сапоги
itm_mail_and_plate|Комбинированный доспех
itm_mail_and_plate_pl|Комбинированный доспех
itm_light_mail_and_plate|Легкий комбинированный доспех
itm_light_mail_and_plate_pl|Легкий комбинированный доспех
itm_byzantion_helmet_a|Византийский шлем
itm_byzantion_helmet_a_pl|Византийский шлем
itm_magyar_helmet_a|Мадьярский шлем
itm_magyar_helmet_a_pl|Мадьярский шлем
itm_rus_helmet_a|Шлем Руси
itm_rus_helmet_a_pl|Шлем Руси
itm_sipahi_helmet_a|Сипахский шлем
itm_sipahi_helmet_a_pl|Сипахский шлем
itm_shahi|Шлем шахи
itm_shahi_pl|Шлем шахи
itm_rabati|Шлем рабати
itm_rabati_pl|Шлем рабати
itm_tunic_with_green_cape|Туника с зеленым капюшоном
itm_tunic_with_green_cape_pl|Туника с зеленым капюшоном
itm_keys|Связка ключей
itm_keys_pl|Связка ключей
itm_bride_dress|Платье невесты
itm_bride_dress_pl|Платье невесты
itm_bride_crown|Венец невесты
itm_bride_crown_pl|Венец невесты
itm_bride_shoes|Туфли невесты
itm_bride_shoes_pl|Туфли невесты
itm_practice_bow_2|Учебный лук
itm_practice_bow_2_pl|Учебный лук
itm_practice_arrows_2|Учебные стрелы
itm_practice_arrows_2_pl|Учебные стрелы
itm_plate_boots|Латные сапоги
itm_plate_boots_pl|Латные сапоги
itm_mail_boots_for_tableau|Кольчужные сапоги
itm_mail_boots_for_tableau_pl|Кольчужные сапоги
itm_warhorse_sarranid|Сарранидская боевая лошадь
itm_warhorse_sarranid_pl|Сарранидская боевая лошадь
itm_warhorse_steppe|Степная дестриер
itm_warhorse_steppe_pl|Степная дестриер
itm_woa_items_start|Степной Боевой Конь
itm_woa_items_start_pl|Степной Боевой Конь
itm_jagron_green|Зелёный Джагрон
itm_jagron_green_pl|Зелёный Джагрон
itm_jagron_brown|Коричневый Джагрон
itm_jagron_brown_pl|Коричневый Джагрон
itm_jagron_red|Красный Джагрон
itm_jagron_red_pl|Красный Джагрон
itm_jagron_bronze|Бронзовый Джагрон
itm_jagron_bronze_pl|Бронзовый Джагрон
itm_jagron_black|Чёрный Джагрон
itm_jagron_black_pl|Чёрный Джагрон
itm_robe_brown_green|Короткая Роба
itm_robe_brown_green_pl|Короткая Роба
itm_robe_brown_red|Короткая Роба
itm_robe_brown_red_pl|Короткая Роба
itm_robe_greenstripe|Короткая Роба
itm_robe_greenstripe_pl|Короткая Роба
itm_robe_mustard_brown|Короткая Роба
itm_robe_mustard_brown_pl|Короткая Роба
itm_robe_mustard_orange|Короткая Роба
itm_robe_mustard_orange_pl|Короткая Роба
itm_robe_mustard_red|Короткая Роба
itm_robe_mustard_red_pl|Короткая Роба
itm_robe_orange_green|Короткая Роба
itm_robe_orange_green_pl|Короткая Роба
itm_robe_red_orange|Короткая Роба
itm_robe_red_orange_pl|Короткая Роба
itm_robe_tan_brown|Короткая Роба
itm_robe_tan_brown_pl|Короткая Роба
itm_robe_tan_orange|Короткая Роба
itm_robe_tan_orange_pl|Короткая Роба
itm_robe_tan_red|Короткая Роба
itm_robe_tan_red_pl|Короткая Роба
itm_robe_white_bands|Короткая Роба
itm_robe_white_bands_pl|Короткая Роба
itm_robe_white_brown|Короткая Роба
itm_robe_white_brown_pl|Короткая Роба
itm_robe_white_orange|Короткая Роба
itm_robe_white_orange_pl|Короткая Роба
itm_robe_white_red|Короткая Роба
itm_robe_white_red_pl|Короткая Роба
itm_coat_brn|Туника с Жилет
itm_coat_brn_pl|Туника с Жилет
itm_coat_olive|Туника с Жилет
itm_coat_olive_pl|Туника с Жилет
itm_coat_olive_b|Туника с Жилет
itm_coat_olive_b_pl|Туника с Жилет
itm_coat_russet|Туника с Жилет
itm_coat_russet_pl|Туника с Жилет
itm_coat_russet_b|Туника с Жилет
itm_coat_russet_b_pl|Туника с Жилет
itm_coarse_tunic_b|Туника с Жилет
itm_coarse_tunic_b_pl|Туника с Жилет
itm_coarse_tunic_c|Туника с Жилет
itm_coarse_tunic_c_pl|Туника с Жилет
itm_coarse_tunic_d|Туника с Жилет
itm_coarse_tunic_d_pl|Туника с Жилет
itm_tunic_waistcoat_wb|Туника и Waistcoat
itm_tunic_waistcoat_wb_pl|Туника и Waistcoat
itm_tunic_waistcoat_wbb|Туника и Waistcoat
itm_tunic_waistcoat_wbb_pl|Туника и Waistcoat
itm_cloak_red|Плащ
itm_cloak_red_pl|Плащ
itm_cloak_green|Плащ
itm_cloak_green_pl|Плащ
itm_cloak_blue|Плащ
itm_cloak_blue_pl|Плащ
itm_cloak_black|Плащ
itm_cloak_black_pl|Плащ
itm_cloak_orange|Плащ
itm_cloak_orange_pl|Плащ
itm_earrings_a|Серьги
itm_earrings_a_pl|Серьги
itm_earrings_b|Серьги
itm_earrings_b_pl|Серьги
itm_earrings_c|Серьги
itm_earrings_c_pl|Серьги
itm_earrings_d|Серьги
itm_earrings_d_pl|Серьги
itm_eardrops_a|Серьги
itm_eardrops_a_pl|Серьги
itm_eardrops_b|Серьги
itm_eardrops_b_pl|Серьги
itm_eardrops_c|Серьги
itm_eardrops_c_pl|Серьги
itm_eardrops_d|Серьги
itm_eardrops_d_pl|Серьги
itm_eardrops_e|Серьги
itm_eardrops_e_pl|Серьги
itm_mar_hat_b|Wanderer's Шляпа
itm_mar_hat_b_pl|Wanderer's Шляпа
itm_mar_headcloth_brown|Головная Ткань
itm_mar_headcloth_brown_pl|Головная Ткань
itm_mar_headcloth_mustard|Головная Ткань
itm_mar_headcloth_mustard_pl|Головная Ткань
itm_mar_headcloth_red|Головная Ткань
itm_mar_headcloth_red_pl|Головная Ткань
itm_mar_headcloth_russet|Головная Ткань
itm_mar_headcloth_russet_pl|Головная Ткань
itm_mar_headcloth_tan|Головная Ткань
itm_mar_headcloth_tan_pl|Головная Ткань
itm_mar_hat_aa|Маскированная Сандогаса
itm_mar_hat_aa_pl|Маскированные Сандогасы
itm_mar_hat_bb|Сандогаса
itm_mar_hat_bb_pl|Сандогасы
itm_mar_hat_c|Коричневый Сандогаса
itm_mar_hat_c_pl|Коричневый Сандогаса
itm_mar_hat_bx|Field Шляпа
itm_mar_hat_bx_pl|Field Шляпа
itm_warmask_a|Древний Warmask
itm_warmask_a_pl|Древний Warmask
itm_warmask_b|Древний Капюшон
itm_warmask_b_pl|Древний Капюшоны
itm_warmask_c|Древний Warmask
itm_warmask_c_pl|Древний Warmask
itm_fulgurator_power_pack|Сумка Пуль
itm_fulgurator_power_pack_pl|Сумка Пуль
itm_fulgurator_power_pack_b|Чёрный Железо Пули
itm_fulgurator_power_pack_b_pl|Чёрный Железо Пули
itm_raygun_a|Охотник Кремнёвый Пистолет
itm_raygun_a_pl|Охотничьи Кремнёвые Пистолеты
itm_raygun_b|Кремнёвый Кубур
itm_raygun_b_pl|Кремнёвые Кобуры
itm_raygun_c|Катунский Кремнёвый Пистолет
itm_raygun_c_pl|Катунский Flinter Пистолеты
itm_raygun_d|Heng Кремнёвый Пистолет
itm_raygun_d_pl|Хэнговские Кремнёвые Пистолеты
itm_galvanic_bow|Плазма Лук
itm_galvanic_bow_pl|Плазма Лук
itm_energy_bolts|Galvanic Стрелы
itm_energy_bolts_pl|Galvanic Стрелы
itm_energy_bolts_b|Плазма Стрелы
itm_energy_bolts_b_pl|Плазма Стрелы
itm_energy_bolts_c|Плазма Стрелы
itm_energy_bolts_c_pl|Плазма Стрелы
itm_fulgurator_rifle|Фульгуратор Мушкет
itm_fulgurator_rifle_pl|Мушкеты Фульгуратора
itm_force_shield_sm_a|Вождя Щит
itm_force_shield_sm_a_pl|Вождя Щит
itm_force_shield_sm_b|Шипастый Warshield
itm_force_shield_sm_b_pl|Шипастый Warshield
itm_force_shield_sm_c|Ятаган для Левой Руки
itm_force_shield_sm_c_pl|Ятаганы для Левой Руки
itm_force_shield_sm_d|Ротанг Skirmisher Щит
itm_force_shield_sm_d_pl|Ротановые Щиты Застрельщика
itm_force_shield_sm_e|Шипастый Деревянный Щит
itm_force_shield_sm_e_pl|Шипастый Деревянный Щиты
itm_diadem_a|Тиара
itm_diadem_a_pl|Тиара
itm_diadem_b|Тиара
itm_diadem_b_pl|Тиара
itm_diadem_c|Тиара
itm_diadem_c_pl|Тиара
itm_diadem_d|Тиара
itm_diadem_d_pl|Тиара
itm_diadem_e|Тиара
itm_diadem_e_pl|Тиара
itm_diadem_f|Тиара
itm_diadem_f_pl|Тиара
itm_tiara_a|Тиара
itm_tiara_a_pl|Тиара
itm_tiara_b|Тиара
itm_tiara_b_pl|Тиара
itm_tiara_c|Тиара
itm_tiara_c_pl|Тиара
itm_tiara_d|Тиара
itm_tiara_d_pl|Тиара
itm_diadem_g|Боевой Тиара
itm_diadem_g_pl|Боевой Тиара
itm_fulgurator_power_pack_c|Подсумок
itm_fulgurator_power_pack_c_pl|Подсумок
itm_fulgurator_power_pack_d|Мешок Пуль
itm_fulgurator_power_pack_d_pl|Мешок Пуль
itm_zaplance_a|Запланс
itm_zaplance_a_pl|Запланс
itm_zaplance_a_m|Запланс
itm_zaplance_a_m_pl|Запланс
itm_artifact_a|Древние Артефакты
itm_artifact_a_pl|Древние Артефакты
itm_artifact_b|Древние Артефакты
itm_artifact_b_pl|Древние Артефакты
itm_artifact_c|Древние Артефакты
itm_artifact_c_pl|Древние Артефакты
itm_artifact_d|Древние Артефакты
itm_artifact_d_pl|Древние Артефакты
itm_artifact_e|Древние Артефакты
itm_artifact_e_pl|Древние Артефакты
itm_artifact_f|Древние Артефакты
itm_artifact_f_pl|Древние Артефакты
itm_artifact_g|Древние Артефакты
itm_artifact_g_pl|Древние Артефакты
itm_artifact_h|Древние Артефакты
itm_artifact_h_pl|Древние Артефакты
itm_energy_spear|Древний Energy Копьё
itm_energy_spear_pl|Древний Energy Копьё
itm_energy_spear_m|Трезубец
itm_energy_spear_m_pl|Трезубец
itm_fulgurator_power_pack_e|Батарея Фульгуратора
itm_fulgurator_power_pack_e_pl|Батарея Фульгуратора
itm_black_varanid_head|Тяжёлый Подъёмник Отряд Голова
itm_black_varanid_head_pl|Тяжёлый Подъёмник Отряд Голова
itm_black_varanid_hands|Тяжёлый Подъёмник Отряд Руки
itm_black_varanid_hands_pl|Тяжёлый Подъёмник Отряд Руки
itm_black_varanid_feet|Тяжёлый Подъёмник Отряд Ноги
itm_black_varanid_feet_pl|Тяжёлый Подъёмник Отряд Ноги
itm_black_varanid_breastplate|Тяжёлый Подъёмник Каркас MK#3
itm_black_varanid_breastplate_pl|Тяжёлый Подъёмник Каркас MK#3
itm_halberd_g|Алебарда
itm_halberd_g_pl|Алебарда
itm_warmonk_armor|Боевой Monk Ламелляр
itm_warmonk_armor_pl|Боевой Monk Ламелляр
itm_great_dbaxe|Great Double Топор
itm_great_dbaxe_pl|Great Double Топор
itm_pugling_body|Паглинг Тело
itm_pugling_body_pl|Паглинг Тело
itm_pugling_head|Паглинг Голова
itm_pugling_head_pl|Паглинг Голова
itm_pugling_hands|Паглинг Руки
itm_pugling_hands_pl|Паглинг Руки
itm_varanid_body|Рыбочеловек Тело
itm_varanid_body_pl|Рыболюди Тела
itm_varanid_head|Рыбочеловек Голова
itm_varanid_head_pl|Рыбочеловек Голова
itm_varanid_hands|Рыбочеловек Руки
itm_varanid_hands_pl|Рыбочеловек Руки
itm_varanid_feet|Рыбочеловек Ноги
itm_varanid_feet_pl|Рыбочеловек Ноги
itm_varanid_breastplate|Варанид Нагрудник
itm_varanid_breastplate_pl|Варанид Нагрудник
itm_varanid_bone_warclub|Варанид Зубчатый Боевая Дубина
itm_varanid_bone_warclub_pl|Варанид Зубчатый Боевая Дубина
itm_varanid_bone_warclub_2h|Варанид Great Зубчатый Боевая Дубина
itm_varanid_bone_warclub_2h_pl|Варанид Great Зубчатый Боевая Дубина
itm_varanid_jaw_club|Варанид Зубчатый Боевая Дубина
itm_varanid_jaw_club_pl|Варанид Зубчатый Боевая Дубина
itm_varanid_tooth_sword|Племенной Зубчатый Меч
itm_varanid_tooth_sword_pl|Племенной Зубчатый Мечи
itm_varanid_hunting_spear|Племенной Hunting Копьё
itm_varanid_hunting_spear_pl|Племенной Hunting Копья
itm_varanid_hunting_spear_mel|Метательное Копьё
itm_varanid_hunting_spear_mel_pl|Метательное Копьё
itm_wicker_shield|Кожа Щит
itm_wicker_shield_pl|Кожа Щит
itm_varanid_gaff_sword|Племенной Sickle Меч
itm_varanid_gaff_sword_pl|Племенной Sickle Мечи
itm_varanid_sickle_sword|Проржавевший Варанид Хопеш
itm_varanid_sickle_sword_pl|Проржавевший Варанид Хопеш
itm_varanid_sickle_sword_b|Проржавевший Варанид Хопеш
itm_varanid_sickle_sword_b_pl|Проржавевший Варанид Хопеш
itm_varanid_sickle_sword_c|Проржавевший Варанид Хопеш
itm_varanid_sickle_sword_c_pl|Проржавевший Варанид Хопеш
itm_red_varanid_breastplate|Варанид Нагрудник
itm_red_varanid_breastplate_pl|Варанид Нагрудник
itm_red_varanid_chief_head|Красный Варанид Chief Голова
itm_red_varanid_chief_head_pl|Красный Варанид Chief Голова
itm_red_varanid_head2|Красный Варанид Голова
itm_red_varanid_head2_pl|Красный Варанид Голова
itm_red_varanid_head|Красный Варанид Голова
itm_red_varanid_head_pl|Красный Варанид Голова
itm_red_varanid_body|Варанид Тело
itm_red_varanid_body_pl|Варанид Тело
itm_red_varanid_hands|Варанид Руки
itm_red_varanid_hands_pl|Варанид Руки
itm_red_varanid_feet|Варанид Ноги
itm_red_varanid_feet_pl|Варанид Ноги
itm_trex|Боевая Ящерица
itm_trex_pl|Боевая Ящерица
itm_varanid_longsword|Племенной Длинный Меч
itm_varanid_longsword_pl|Племенной Длинный Меч
itm_longsword_h|Длинный Меч
itm_longsword_h_pl|Длинный Меч
itm_varanid_ancient_sword|Племенной Меч
itm_varanid_ancient_sword_pl|Племенной Мечи
itm_varanid_ancient_sword_b|Варанид Меч
itm_varanid_ancient_sword_b_pl|Варанид Меч
itm_varanid_ancient_sword_c|Варанид Меч
itm_varanid_ancient_sword_c_pl|Варанид Меч
itm_varanid_ancient_sword_d|Древний Имперский Меч
itm_varanid_ancient_sword_d_pl|Древний Имперский Мечи
itm_gangorr_body|Гангорр Тело
itm_gangorr_body_pl|Гангорр Тело
itm_gangorr_head|Гангорр Голова
itm_gangorr_head_pl|Гангорр Голова
itm_gangorr_hands|Гангорр Руки
itm_gangorr_hands_pl|Гангорр Руки
itm_gangorr_feet|Гангорр Ноги
itm_gangorr_feet_pl|Гангорр Ноги
itm_gangorr_warclub_a|Колючая Проволока Bat
itm_gangorr_warclub_a_pl|Колючая Проволока Bats
itm_gangorr_warclub_b|Тяжёлый Канабо
itm_gangorr_warclub_b_pl|Тяжёлый Канабо
itm_mezonn_body|Мезонн Тело
itm_mezonn_body_pl|Мезонн Тело
itm_mezonn_head|Мезонн Голова
itm_mezonn_head_pl|Мезонн Голова
itm_mezonn_hands|Мезонн Руки
itm_mezonn_hands_pl|Мезонн Руки
itm_mezonn_feet|Мезонн Ноги
itm_mezonn_feet_pl|Мезонн Ноги
itm_vaspid_body|Васпид Тело
itm_vaspid_body_pl|Васпид Тело
itm_vaspid_head|Голова Скиммера
itm_vaspid_head_pl|Головы Скиммера
itm_vaspid_hands|Васпид Руки
itm_vaspid_hands_pl|Васпид Руки
itm_vaspid_feet|Васпид Ноги
itm_vaspid_feet_pl|Васпид Ноги
itm_invisible_spike|Невидимое Оружие
itm_invisible_spike_pl|Невидимое Оружие
itm_gozonn_body|Гозонн Тело
itm_gozonn_body_pl|Гозонн Тело
itm_gozonn_head|Гозонн Голова
itm_gozonn_head_pl|Гозонн Голова
itm_gozonn_hands|Гозонн Руки
itm_gozonn_hands_pl|Гозонн Руки
itm_gozonn_feet|Гозонн Ноги
itm_gozonn_feet_pl|Гозонн Ноги
itm_chanak_body|Чанак Тело
itm_chanak_body_pl|Чанак Тело
itm_chanak_head|Чанак Голова
itm_chanak_head_pl|Чанак Голова
itm_chanak_hands|Чанак Руки
itm_chanak_hands_pl|Чанак Руки
itm_chanak_feet|Чанак Ноги
itm_chanak_feet_pl|Чанак Ноги
itm_spaceclan_boots|Space Сапоги
itm_spaceclan_boots_pl|Space Сапоги
itm_spaceclan_outfit|Скафандр Космического Клана
itm_spaceclan_outfit_pl|Скафандр Космического Клана
itm_spaceclan_pistol|Кремнёвый Дракган
itm_spaceclan_pistol_pl|Кремнёвый Дракган
itm_spaceclan_pistol_b|Пустынный Джеззайль
itm_spaceclan_pistol_b_pl|Пустынный Jezzails
itm_spaceclan_pistol_c|Лазган
itm_spaceclan_pistol_c_pl|Лазган
itm_spaceclan_pistol_d|Лазган
itm_spaceclan_pistol_d_pl|Лазган
itm_lasgun_power_pack_b|Батарея Лазгана
itm_lasgun_power_pack_b_pl|Батарея Лазгана
itm_lasgun_power_pack_c|Батарея Лазгана
itm_lasgun_power_pack_c_pl|Батарея Лазгана
itm_bounty_hunter_head|Сандогаса Охотника за Головами
itm_bounty_hunter_head_pl|Сандогасы Охотников за Головами
itm_bounty_hunter_head_b|Охотник за Головами Helmet
itm_bounty_hunter_head_b_pl|Шлемы Охотника за Головами
itm_bounty_hunter_head_c|Охотник за Головами Железо Helmet
itm_bounty_hunter_head_c_pl|Охотник за Головами Железо Шлемы
itm_bounty_hunter_armor|Шипованный Кожа Доспех
itm_bounty_hunter_armor_pl|Шипованный Кожа Доспехи
itm_bounty_hunter_armor_b|Охотник за Головами Доспех
itm_bounty_hunter_armor_b_pl|Доспехи Охотника за Головами
itm_bounty_hunter_hands|Перчатки Охотника за Головами
itm_bounty_hunter_hands_pl|Перчатки Охотника за Головами
itm_spaceclan_security_outfit|Скафандр Космического Клана
itm_spaceclan_security_outfit_pl|Скафандр Космического Клана
itm_lasgun_power_pack|Горсть Пулей
itm_lasgun_power_pack_pl|Горсть Пулей
itm_terran_lasgun|Fuselock Ружьё
itm_terran_lasgun_pl|Фитильные Ружья
itm_terran_helmet|Глубокий Diving Helmet
itm_terran_helmet_pl|Глубокий Diving Helmet
itm_terran_spacesuit|Глубоководный Костюм
itm_terran_spacesuit_pl|Глубоководные Костюмы
itm_terran_boots|Глубокий Diving Сапоги
itm_terran_boots_pl|Глубокий Diving Сапоги
itm_terran_spacesuit_f|Глубоководный Костюм
itm_terran_spacesuit_f_pl|Глубоководные Костюмы
itm_terran_gloves|Космические Перчатки
itm_terran_gloves_pl|Космические Перчатки
itm_laser_rifle|Matchlock Винтовка
itm_laser_rifle_pl|Matchlock Винтовка
itm_machete|Нож Выживания
itm_machete_pl|Нож Выживания
itm_double_sword|Double Меч
itm_double_sword_pl|Double Меч
itm_cav_sword_common_a|Сабля
itm_cav_sword_common_a_pl|Сабля
itm_cav_sword_common_b|Сабля
itm_cav_sword_common_b_pl|Сабля
itm_inf_sword_a|Пехота Меч
itm_inf_sword_a_pl|Пехота Меч
itm_inf_sword_b|Пехота Меч
itm_inf_sword_b_pl|Пехота Меч
itm_inf_sword_c|Пехота Меч
itm_inf_sword_c_pl|Пехота Меч
itm_inf_sword_d|Пехота Меч
itm_inf_sword_d_pl|Пехота Меч
itm_inf_sword_e|Пехота Меч
itm_inf_sword_e_pl|Пехота Меч
itm_saber_a|Hunting Сабля
itm_saber_a_pl|Охотничьи Сабли
itm_saber_d|Сабля
itm_saber_d_pl|Сабля
itm_saber_db|Engraved Сабля
itm_saber_db_pl|Гравированные Сабли
itm_saber_e|Сабля
itm_saber_e_pl|Сабля
itm_saber_g|Сабля
itm_saber_g_pl|Сабля
itm_broadsword_a|Палаш
itm_broadsword_a_pl|Палаш
itm_broadsword_b|Палаш
itm_broadsword_b_pl|Палаш
itm_broadsword_d|Палаш
itm_broadsword_d_pl|Палаш
itm_saber_b|Танто Взаймы
itm_saber_b_pl|Танто Взаймы
itm_saber_c|Сабля
itm_saber_c_pl|Сабля
itm_saber_f|Сабля
itm_saber_f_pl|Сабля
itm_saber_h|Сабля
itm_saber_h_pl|Сабля
itm_broadsword_c|Палаш
itm_broadsword_c_pl|Палаш
itm_rapier_a|Скитальца Сабля
itm_rapier_a_pl|Скитальца Сабли
itm_cav_sword_noble_a|Сабля
itm_cav_sword_noble_a_pl|Сабля
itm_cav_sword_noble_b|Сабля
itm_cav_sword_noble_b_pl|Сабля
itm_cav_sword_noble_c|Сабля
itm_cav_sword_noble_c_pl|Сабля
itm_cav_sword_noble_d|Сабля
itm_cav_sword_noble_d_pl|Сабля
itm_cav_sword_noble_e|Сабля
itm_cav_sword_noble_e_pl|Сабля
itm_cav_sword_noble_f|Сабля
itm_cav_sword_noble_f_pl|Сабля
itm_court_sword_a|Родовая Реликвия Сабля
itm_court_sword_a_pl|Родовая Реликвия Сабли
itm_court_sword_b|Придворный Меч
itm_court_sword_b_pl|Придворный Меч
itm_court_sword_c|Придворный Меч
itm_court_sword_c_pl|Придворный Меч
itm_court_sword_d|Придворный Меч
itm_court_sword_d_pl|Придворный Меч
itm_longsword_a|Длинный Меч
itm_longsword_a_pl|Длинный Меч
itm_longsword_b|Holed Сабля
itm_longsword_b_pl|Holed Сабля
itm_longsword_c|Длинный Меч
itm_longsword_c_pl|Длинный Меч
itm_longsword_d|Длинный Меч
itm_longsword_d_pl|Длинный Меч
itm_longsword_e|Chained Дадао
itm_longsword_e_pl|Chained Дадао
itm_longsword_f|Длинный Меч
itm_longsword_f_pl|Длинный Меч
itm_longsword_g|Длинный Меч
itm_longsword_g_pl|Длинный Меч
itm_halberd_a|Алебарда
itm_halberd_a_pl|Алебарда
itm_halberd_b|Алебарда
itm_halberd_b_pl|Алебарда
itm_halberd_c|Алебарда
itm_halberd_c_pl|Алебарда
itm_halberd_d|Алебарда
itm_halberd_d_pl|Алебарда
itm_halberd_e|Алебарда
itm_halberd_e_pl|Алебарда
itm_halberd_f|Алебарда
itm_halberd_f_pl|Алебарда
itm_double_scythe|Боевой Коса
itm_double_scythe_pl|Боевой Коса
itm_battle_scythe|Боевой Коса
itm_battle_scythe_pl|Боевой Коса
itm_battle_scythe_l|Для Левой Руки Боевой Коса
itm_battle_scythe_l_pl|Для Левой Руки Боевой Коса
itm_cav_spear_a|Кавалерийское Копьё
itm_cav_spear_a_pl|Кавалерийское Копьё
itm_cav_spear_b|Кавалерийское Копьё
itm_cav_spear_b_pl|Кавалерийское Копьё
itm_forked_lance|Forked Кавалерийское Копьё
itm_forked_lance_pl|Forked Кавалерийское Копьё
itm_inf_spear_a|Копьё
itm_inf_spear_a_pl|Копьё
itm_inf_spear_c|Яри
itm_inf_spear_c_pl|Яри
itm_trident_a|Трезубец
itm_trident_a_pl|Трезубец
itm_trident_b|Трезубец
itm_trident_b_pl|Трезубец
itm_zakra|Закра
itm_zakra_pl|Закра
itm_hand_crossbow_a|Hand Арбалет
itm_hand_crossbow_a_pl|Hand Арбалет
itm_hand_crossbow_b|Hand Арбалет
itm_hand_crossbow_b_pl|Hand Арбалет
itm_flechettes|Флешетты
itm_flechettes_pl|Флешетты
itm_poisoned_flechettes|Poisoned Флешетты
itm_poisoned_flechettes_pl|Poisoned Флешетты
itm_rhadjan_leather_buckler_a|Сталь Баклер
itm_rhadjan_leather_buckler_a_pl|Сталь Bucklers
itm_rhadjan_leather_buckler_b|Шипастый Кожа Баклер
itm_rhadjan_leather_buckler_b_pl|Шипастый Кожа Bucklers
itm_rhadjan_leather_buckler_c|Железо Баклер
itm_rhadjan_leather_buckler_c_pl|Железо Баклер
itm_rhadjan_leather_shield_a|Бандитский Кожа Щит
itm_rhadjan_leather_shield_a_pl|Бандитский Кожа Щиты
itm_rhadjan_leather_shield_b|Кремнёвый Щит
itm_rhadjan_leather_shield_b_pl|Щиты с Кремнёвым Замком
itm_rhadjan_leather_shield_c|Brass Щит
itm_rhadjan_leather_shield_c_pl|Латунные Щиты
itm_rhadjan_leather_shield_d|Племенной Кожа Щит
itm_rhadjan_leather_shield_d_pl|Племенной Кожа Щиты
itm_rhadjan_leather_shield_e|Шипастый Ротанг Щит
itm_rhadjan_leather_shield_e_pl|Шипастый Ротанг Щиты
itm_rhadjan_leather_shield_f|Шипастый Плетёный Щит
itm_rhadjan_leather_shield_f_pl|Шипастый Плетёный Щиты
itm_heraldic_round_shield|Heraldic Круглый Щит
itm_heraldic_round_shield_pl|Heraldic Круглый Щит
itm_mercenary_cavalry_lamellar|Наёмника Ламелляр Доспех
itm_mercenary_cavalry_lamellar_pl|Наёмника Ламелляр Доспех
itm_scale_tabard_a|Пустынный Tracker Доспех
itm_scale_tabard_a_pl|Пустынный Tracker Доспех
itm_scale_tabard_b|Мятежный Farmer Сугу
itm_scale_tabard_b_pl|Мятежный Farmer Сугу
itm_scale_tabard_c|Кочевой Ламелляр Доспех
itm_scale_tabard_c_pl|Кочевой Ламелляр Доспехи
itm_banded_leather_a|Slave Клетчатый Доспех
itm_banded_leather_a_pl|Доспехи-Клетки Невольника
itm_banded_leather_b|Скитальца Кожа Доспех
itm_banded_leather_b_pl|Скитальца Кожа Доспехи
itm_banded_leather_c|Мятежный Стрелок Снаряжение
itm_banded_leather_c_pl|Мятежный Стрелок Снаряжение
itm_banded_leather_d|Змеиный Ao Giap
itm_banded_leather_d_pl|Змеиный Ao Giap
itm_banded_leather_e|Banded Кожа Доспех
itm_banded_leather_e_pl|Banded Кожа Доспех
itm_banded_leather_spiked|Хауберк из Меха и Кольчуги
itm_banded_leather_spiked_pl|Хауберк из Меха и Кольчуги
itm_broigne_shirt|Самурайский Латы и Тряпьё
itm_broigne_shirt_pl|Самурайский Латы и Тряпьё
itm_rough_leather_metal_plates|Грубый Меха
itm_rough_leather_metal_plates_pl|Грубый Меха
itm_rough_leather_plates_ring|Племенной Ламелляр Доспех
itm_rough_leather_plates_ring_pl|Племенной Ламелляр Доспехи
itm_rough_leatherplate_leather|Изгоя Кольчуга и Латы
itm_rough_leatherplate_leather_pl|Изгоя Кольчуга и Латы
itm_rough_paddedleather_leather|Шипованный Железо Доспех
itm_rough_paddedleather_leather_pl|Шипованный Железо Доспех
itm_mercenary_comb_helm|Наёмника Helmet
itm_mercenary_comb_helm_pl|Наёмника Helmet
itm_helm_sallet_common_a|Наёмника Helmet
itm_helm_sallet_common_a_pl|Наёмника Helmet
itm_helm_sailfin_common_a|Наёмника Helmet
itm_helm_sailfin_common_a_pl|Наёмника Helmet
itm_doublet_black|Чёрный Шёлк Робы
itm_doublet_black_pl|Чёрный Шёлк Робы
itm_doublet_brown|Grimy Плащ
itm_doublet_brown_pl|Грязные Плащи
itm_doublet_plain|Дворянский Ябусамэ
itm_doublet_plain_pl|Дворянский Ябусамэ
itm_doublet_rich|Даймё Хакама
itm_doublet_rich_pl|Даймё Хакама
itm_orogon_harness_a|Сбруя
itm_orogon_harness_a_pl|Сбруя
itm_orogon_harness_b|Сбруя
itm_orogon_harness_b_pl|Сбруя
itm_orogon_harness_c|Сбруя
itm_orogon_harness_c_pl|Сбруя
itm_orogon_vest_a|Орогон Жилет
itm_orogon_vest_a_pl|Орогон Жилет
itm_orogon_vest_b|Кожа Vestment
itm_orogon_vest_b_pl|Кожа Vestment
itm_orogon_vest_c|Орогон Жилет
itm_orogon_vest_c_pl|Орогон Жилет
itm_pirate_saber_a|Ripper Сабля
itm_pirate_saber_a_pl|Сабля Потрошителя
itm_orogon_sword_xa|Barbaric Тесак
itm_orogon_sword_xa_pl|Barbaric Тесак
itm_pirate_saber_b|Абордажная Сабля Отщепенца
itm_pirate_saber_b_pl|Абордажные Сабли Отщепенца
itm_pirate_saber_c|Абордажная Сабля Потрошителя
itm_pirate_saber_c_pl|Абордажная Сабля Потрошителя
itm_pirate_saber_d|Тандао Бойца
itm_pirate_saber_d_pl|Тандао Бойца
itm_orogon_sword_xb|Tongued Сабля
itm_orogon_sword_xb_pl|Tongued Сабля
itm_pirate_saber_b_l|Для Левой Руки Сабля
itm_pirate_saber_b_l_pl|Для Левой Руки Сабля
itm_orogon_shield_a|Тэнпай
itm_orogon_shield_a_pl|Тэнпай
itm_orogon_shield_b|Тэнпай
itm_orogon_shield_b_pl|Тэнпай
itm_orogon_shield_c|Стальной Щит
itm_orogon_shield_c_pl|Стальной Щит
itm_orogon_shield_d|Тэнпай
itm_orogon_shield_d_pl|Тэнпай
itm_orogon_shield_e|Шипованный Стальной Щит
itm_orogon_shield_e_pl|Шипованный Стальной Щит
itm_orogon_shield_f|Watchful Пэх
itm_orogon_shield_f_pl|Watchful Пэх
itm_marakuur_shield_a|Плетёный Щит
itm_marakuur_shield_a_pl|Плетёные Щиты
itm_marakuur_shield_b|Плетёный Щит
itm_marakuur_shield_b_pl|Плетёные Щиты
itm_marakuur_shield_c|Кожа Square Щит
itm_marakuur_shield_c_pl|Кожа Square Щиты
itm_mandurgar_shield_a|Железо Board Щит
itm_mandurgar_shield_a_pl|Железо Board Щиты
itm_mandurgar_shield_b|Тяжёлый Железо Щит
itm_mandurgar_shield_b_pl|Тяжёлый Железо Щиты
itm_mandurgar_shield_c|Gruesome Visage Щит
itm_mandurgar_shield_c_pl|Gruesome Visage Щит
itm_orogon_poleaxe|Орогон Полэкс
itm_orogon_poleaxe_pl|Орогон Полэкс
itm_orogon_headaxe|Орогон Топор
itm_orogon_headaxe_pl|Орогон Топор
itm_drylander_robe|Скромное Ги
itm_drylander_robe_pl|Скромное Ги
itm_drylander_robe_black|Сухопутник Роба
itm_drylander_robe_black_pl|Сухопутник Роба
itm_drylander_robe_orange|Сухопутник Роба
itm_drylander_robe_orange_pl|Сухопутник Роба
itm_drylander_robe_blue|Сухопутник Роба
itm_drylander_robe_blue_pl|Сухопутник Роба
itm_drylander_hood_a|Кочевой Veil
itm_drylander_hood_a_pl|Кочевой Veils
itm_drylander_hood_b|Сухопутник Капюшон
itm_drylander_hood_b_pl|Сухопутник Капюшон
itm_drylander_hood_orange_a|Сухопутник Капюшон
itm_drylander_hood_orange_a_pl|Сухопутник Капюшон
itm_drylander_hood_orange_b|Сухопутник Капюшон
itm_drylander_hood_orange_b_pl|Сухопутник Капюшон
itm_drylander_hood_blue_a|Сухопутник Капюшон
itm_drylander_hood_blue_a_pl|Сухопутник Капюшон
itm_drylander_hood_blue_b|Скитальца Головная Повязка
itm_drylander_hood_blue_b_pl|Скитальца Головные Повязки
itm_drylander_hood_black_a|Сухопутник Капюшон
itm_drylander_hood_black_a_pl|Сухопутник Капюшон
itm_drylander_hood_black_b|Сухопутник Капюшон
itm_drylander_hood_black_b_pl|Сухопутник Капюшон
itm_drylander_cloak|Сухопутник Плащ
itm_drylander_cloak_pl|Сухопутник Плащ
itm_drylander_cloak_black|Сухопутник Плащ
itm_drylander_cloak_black_pl|Сухопутник Плащ
itm_warmonk_robe|Хашишина Monk's Роба
itm_warmonk_robe_pl|Хашишина Monk's Роба
itm_zomi_mask_a|Хашишина Противогаз
itm_zomi_mask_a_pl|Противогазы Хашишина
itm_zomi_mask_b|Скитальца Грубый Очки
itm_zomi_mask_b_pl|Скитальца Грубый Очки
itm_zomi_mask_c|Скитальца Eyeglass
itm_zomi_mask_c_pl|Скитальца Eyeglass
itm_dustek_headwrap|Головная Повязка Дастэка
itm_dustek_headwrap_pl|Головная Повязка Дастэка
itm_dustek_robe|Дастэк Роба
itm_dustek_robe_pl|Дастэк Роба
itm_nomad_dagger_a|Кочевой Кинжал
itm_nomad_dagger_a_pl|Кочевой Кинжал
itm_nomad_dagger_b_rev|Кочевой Кинжал
itm_nomad_dagger_b_rev_pl|Кочевой Кинжал
itm_nomad_dagger_b|Кочевой Кинжал
itm_nomad_dagger_b_pl|Кочевой Кинжал
itm_nomad_dagger_a_left|Для Левой Руки Кочевой Кинжал
itm_nomad_dagger_a_left_pl|Для Левой Руки Кочевой Кинжал
itm_longknife_a|Кочевой Длинный Нож
itm_longknife_a_pl|Кочевой Длинный Нож
itm_longknife_b|Кочевой Длинный Нож
itm_longknife_b_pl|Кочевой Длинный Нож
itm_longknife_c|Кочевой Длинный Нож
itm_longknife_c_pl|Кочевой Длинный Нож
itm_longknife_cb|Кочевой Длинный Нож
itm_longknife_cb_pl|Кочевой Длинный Нож
itm_longknife_b_left|Для Левой Руки Длинный Нож
itm_longknife_b_left_pl|Для Левой Руки Длинный Нож
itm_longknife_cb_left|Для Левой Руки Длинный Нож
itm_longknife_cb_left_pl|Для Левой Руки Длинный Нож
itm_drylander_gun_a|Винтовка Фульгуратора
itm_drylander_gun_a_pl|Винтовка Фульгуратора
itm_drylander_gun_b|Винтовка Фульгуратора
itm_drylander_gun_b_pl|Винтовка Фульгуратора
itm_kilt_blue|Килт
itm_kilt_blue_pl|Килт
itm_kilt_green|Килт
itm_kilt_green_pl|Килт
itm_kilt_orange|Килт
itm_kilt_orange_pl|Килт
itm_kilt_red|Килт
itm_kilt_red_pl|Килт
itm_valgaer_headband_a|Повязка на Голову
itm_valgaer_headband_a_pl|Повязка на Голову
itm_irazen_sickle|Билльхук Ирасена
itm_irazen_sickle_pl|Билльхук Ирасена
itm_longknife_d|Длинный Нож Ирасена
itm_longknife_d_pl|Длинный Нож Ирасена
itm_gladiator_helm_b|Шлем Гладиатора
itm_gladiator_helm_b_pl|Шлемы Гладиатора
itm_fem_harness|Женский Арена Сбруя
itm_fem_harness_pl|Женский Арена Сбруя
itm_gladiator_helm|Шлем Гладиатора
itm_gladiator_helm_pl|Шлемы Гладиатора
itm_arena_harness|Арена Сбруя
itm_arena_harness_pl|Арена Сбруя
itm_heavy_harness|Арена Сбруя
itm_heavy_harness_pl|Арена Сбруя
itm_pectoral_harness_a|Сбруя
itm_pectoral_harness_a_pl|Сбруя
itm_pectoral_harness_b|Сбруя
itm_pectoral_harness_b_pl|Сбруя
itm_pectoral_harness_c|Сбруя
itm_pectoral_harness_c_pl|Сбруя
itm_dancer_costume_a|Сбруя
itm_dancer_costume_a_pl|Сбруя
itm_dancer_costume_b|Сбруя
itm_dancer_costume_b_pl|Сбруя
itm_arazthor_common_helm|Шлем Наёмника
itm_arazthor_common_helm_pl|Шлемы Наёмника
itm_arazthor_greaves|Тяжёлый Латный Варадзи
itm_arazthor_greaves_pl|Тяжёлый Латный Варадзи
itm_arazthor_noble_armor_a|Огранит Blessed Доспех
itm_arazthor_noble_armor_a_pl|Благословенные Доспехи Огранита
itm_arazthor_noble_armor_b|Кольчуга Паладина
itm_arazthor_noble_armor_b_pl|Кольчуга Паладина
itm_arazthor_noble_armor_c|Огранит Кольчуга и Табард
itm_arazthor_noble_armor_c_pl|Кольчуги и Табарды Огранита
itm_arazthor_noble_armor_d|Доспех  Stigmata
itm_arazthor_noble_armor_d_pl|Доспех  Stigmata
itm_arazthor_noble_armor_e|Доспех  Mercy
itm_arazthor_noble_armor_e_pl|Доспех  Mercy
itm_arazthor_noble_armor_f|Нагрудник  Radiance
itm_arazthor_noble_armor_f_pl|Нагрудник  Radiance
itm_arazthor_noble_helm_za|Терний Окрана
itm_arazthor_noble_helm_za_pl|Тернии Окрана
itm_arazthor_noble_helm_zb|Bucket Дзукин
itm_arazthor_noble_helm_zb_pl|Bucket Дзукин
itm_arazthor_noble_helm_zbb|Молчание Кающегося
itm_arazthor_noble_helm_zbb_pl|Молчание Кающегося
itm_arazthor_noble_helm_zbc|Преданность Окрану
itm_arazthor_noble_helm_zbc_pl|Преданность Окрану
itm_arazthor_noble_helm_zbd|Огранит С Гребнем Дзукин
itm_arazthor_noble_helm_zbd_pl|Огранит С Гребнем Дзукин
itm_arazthor_noble_helm_zc|Inquisitor's Святой Helmet
itm_arazthor_noble_helm_zc_pl|Inquisitor's Святой Шлемы
itm_arazthor_noble_helm_zd|Inquisitor Святой Сандогаса
itm_arazthor_noble_helm_zd_pl|Inquisitor Святой Сандогаса
itm_arazthor_noble_helm_ze|Благословенная Боль
itm_arazthor_noble_helm_ze_pl|Благословенная Боль
itm_arazthor_noble_helm_zf|Огранит Inquisitor's Дзукин
itm_arazthor_noble_helm_zf_pl|Огранит Inquisitor's Дзукин
itm_arazthor_noble_helm_zg|Гвозди Окрана
itm_arazthor_noble_helm_zg_pl|Гвозди Окрана
itm_arazthor_noble_helm_zh|Корона  Окран
itm_arazthor_noble_helm_zh_pl|Корона  Окран
itm_celadun_common_helm_a|Guangxi и Противогаз
itm_celadun_common_helm_a_pl|Guangxi и Противогаз
itm_celadun_common_helm_b|Республики Противогаз
itm_celadun_common_helm_b_pl|Республики Противогаз
itm_celadun_noble_armor_a|Униформа Инспектора Кэмпэй
itm_celadun_noble_armor_a_pl|Униформы Инспекторов Кэмпэй
itm_celadun_noble_armor_b|Хаори Капитана Мундзо
itm_celadun_noble_armor_b_pl|Хаори Капитана Мундзо
itm_celadun_noble_armor_c|High Command Trench Плащ
itm_celadun_noble_armor_c_pl|High Command Trench Плащ
itm_celadun_noble_armor_d|Униформа Заместителя
itm_celadun_noble_armor_d_pl|Униформы Заместителей
itm_celadun_noble_armor_e|Униформа Капитана Отряда Мундзо
itm_celadun_noble_armor_e_pl|Униформы Капитанов Отряда Мундзо
itm_celadun_noble_helm_a|Мундзо Офицер Шляпа
itm_celadun_noble_helm_a_pl|Шляпы Офицера Мундзо
itm_celadun_noble_helm_b|Республиканский Офицер's Дзингаса
itm_celadun_noble_helm_b_pl|Республиканский Офицер's Дзингаса
itm_celadun_noble_helm_c|Мундзо Офицер's Helmet
itm_celadun_noble_helm_c_pl|Мундзо Офицер's Helmet
itm_celadun_noble_helm_d|Республиканский Captain's Шляпа
itm_celadun_noble_helm_d_pl|Шляпы Капитана Республики
itm_celadun_noble_helm_e|Салакот Офицера Республики
itm_celadun_noble_helm_e_pl|Салакот Офицера Республики
itm_celadun_noble_helm_f|Республиканский Пехота Helmet
itm_celadun_noble_helm_f_pl|Шлемы Пехоты Республики
itm_celadun_noble_helm_g|Commisioned Офицер Шляпа
itm_celadun_noble_helm_g_pl|Commisioned Офицер Шляпа
itm_celadun_noble_helm_h|Технический Капюшон Республики
itm_celadun_noble_helm_h_pl|Технические Капюшоны Республики
itm_dendaeron_common_helm|Ламелляр Helmet
itm_dendaeron_common_helm_pl|Ламелляр Шлемы
itm_dendaeron_noble_armor_a|Шекский Вождя Латы
itm_dendaeron_noble_armor_a_pl|Шекский Вождя Латы
itm_dendaeron_noble_armor_b|Шекский Тяжёлый Цепной и Латы
itm_dendaeron_noble_armor_b_pl|Шекский Тяжёлый Цепной и Латы
itm_dendaeron_noble_armor_c|Шипы Крала
itm_dendaeron_noble_armor_c_pl|Шипы Крала
itm_dendaeron_noble_helm_a|Шекский Warhelm
itm_dendaeron_noble_helm_a_pl|Шекский Warhelms
itm_dendaeron_noble_helm_b|Шекский Chieftain's Helmet
itm_dendaeron_noble_helm_b_pl|Шекский Chieftain's Helmet
itm_dendaeron_noble_helm_c|Шекский Warchief's Helmet
itm_dendaeron_noble_helm_c_pl|Шекский Warchief's Шлемы
itm_dendaeron_noble_helm_d|Шекский Barbaric Шлем
itm_dendaeron_noble_helm_d_pl|Шекский Barbaric Шлем
itm_dendaeron_noble_helm_e|Шекский Налётчик's Helmet
itm_dendaeron_noble_helm_e_pl|Шекский Налётчик's Helmet
itm_dendaeron_noble_helm_f|Шекский Warchief Visage
itm_dendaeron_noble_helm_f_pl|Шекский Warchief Visage
itm_dendaeron_noble_helm_g|Дендаэрон Дворянский's Helmet
itm_dendaeron_noble_helm_g_pl|Дендаэрон Дворянский's Helmet
itm_dendaeron_noble_helm_h|Дендаэрон Дворянский's Helmet
itm_dendaeron_noble_helm_h_pl|Дендаэрон Дворянский's Helmet
itm_dendaeron_noble_helm_i|Дендаэрон Дворянский's Helmet
itm_dendaeron_noble_helm_i_pl|Дендаэрон Дворянский's Helmet
itm_dendaeron_noble_helm_j|Дендаэрон Дворянский's Helmet
itm_dendaeron_noble_helm_j_pl|Дендаэрон Дворянский's Helmet
itm_dendaeron_noble_helm_k|Дендаэрон Дворянский's Helmet
itm_dendaeron_noble_helm_k_pl|Дендаэрон Дворянский's Helmet
itm_dendaeron_noble_helm_l|Дендаэрон Дворянский's Helmet
itm_dendaeron_noble_helm_l_pl|Дендаэрон Дворянский's Helmet
itm_dendaeron_noble_helm_m|Дендаэрон Дворянский's Helmet
itm_dendaeron_noble_helm_m_pl|Дендаэрон Дворянский's Helmet
itm_eshkor_common_helm|Акадзонаэ Мэмпо
itm_eshkor_common_helm_pl|Акадзонаэ Мэмпо
itm_eshkor_noble_helm_za|Martial Order Капюшон
itm_eshkor_noble_helm_za_pl|Капюшоны Боевого Ордена
itm_eshkor_noble_helm_zb|Сёгунский's Guard Капюшон
itm_eshkor_noble_helm_zb_pl|Сёгунский's Guard Капюшоны
itm_eshkor_noble_helm_zc|Акадзонаэ Боевой Helmet
itm_eshkor_noble_helm_zc_pl|Акадзонаэ Боевой Helmet
itm_eshkor_noble_helm_zd|Сёгунатский Акадзонаэ Дзингаса
itm_eshkor_noble_helm_zd_pl|Сёгунатский Акадзонаэ Дзингаса
itm_eshkor_noble_helm_zdb|Сёгунатский Офицер Liangmao
itm_eshkor_noble_helm_zdb_pl|Сёгунатский Офицер Liangmao
itm_eshkor_noble_helm_zdc|Акадзонаэ Респиратор Helmet
itm_eshkor_noble_helm_zdc_pl|Акадзонаэ Респиратор Helmet
itm_eshkor_noble_helm_ze|Сёгунатский Guard Visor
itm_eshkor_noble_helm_ze_pl|Сёгунатский Guard Visors
itm_sarkon_noble_armor_a|Акадзонаэ Гусоку
itm_sarkon_noble_armor_a_pl|Акадзонаэ Гусоку
itm_sarkon_noble_armor_b|Акадзонаэ Ёрой
itm_sarkon_noble_armor_b_pl|Акадзонаэ Ёрой
itm_sarkon_noble_armor_c|Акадзонаэ Окэгава
itm_sarkon_noble_armor_c_pl|Акадзонаэ Окэгава
itm_sarkon_noble_armor_fem|Акадзонаэ Женский Ёрой
itm_sarkon_noble_armor_fem_pl|Акадзонаэ Женский Ёрой
itm_sarkondar_common_helm|Усиленный Дзингаса
itm_sarkondar_common_helm_pl|Усиленный Дзингаса
itm_sarkondar_noble_helm_a|Змеиный Maw Шлем
itm_sarkondar_noble_helm_a_pl|Змеиный Maw Шлем
itm_sarkondar_noble_helm_b|Blackened Сталь Кабуто
itm_sarkondar_noble_helm_b_pl|Blackened Сталь Кабуто
itm_sarkondar_noble_helm_c|Ронина Вождя's Helmet
itm_sarkondar_noble_helm_c_pl|Ронина Вождя's Шлемы
itm_sarkondar_noble_helm_d|Rogue Даймё's Кабуто
itm_sarkondar_noble_helm_d_pl|Кабуто Мятежного Даймё
itm_sarkondar_noble_helm_e|Эшкор Дворянский's Helmet
itm_sarkondar_noble_helm_e_pl|Эшкор Дворянский's Helmet
itm_sarkondar_noble_helm_f|Жестокий Даймё's Кабуто
itm_sarkondar_noble_helm_f_pl|Жестокий Даймё's Кабуто
itm_sarkondar_noble_helm_za|Ронина Lord's Helmet
itm_sarkondar_noble_helm_za_pl|Ронина Lord's Шлемы
itm_sarkondar_noble_helm_zb|Клановый Lord's Кабуто
itm_sarkondar_noble_helm_zb_pl|Клановый Lord's Кабуто
itm_sarzennar_common_helm|Работорговец Trap Helmet
itm_sarzennar_common_helm_pl|Шлемы Снаряжения Работорговца
itm_sarzennar_noble_helm_a|Вождя's Helmet
itm_sarzennar_noble_helm_a_pl|Вождя's Шлемы
itm_sarzennar_noble_helm_b|Шлем Лорда Пустошей
itm_sarzennar_noble_helm_b_pl|Шлемы Лорда Пустошей
itm_sarzennar_noble_helm_c|Пустынный Вождя's Helmet
itm_sarzennar_noble_helm_c_pl|Пустынный Вождя's Шлемы
itm_sarzennar_noble_helm_d|Сарзеннар Дворянский's Helmet
itm_sarzennar_noble_helm_d_pl|Сарзеннар Дворянский's Helmet
itm_sarzennar_noble_helm_e|Клановый Lord's Helmet
itm_sarzennar_noble_helm_e_pl|Клановый Lord's Шлемы
itm_sarzennar_noble_helm_za|Жестокий Lord's Helmet
itm_sarzennar_noble_helm_za_pl|Шлемы Жестокого Лорда
itm_sarzennar_noble_helm_zb|Шлем Вождя
itm_sarzennar_noble_helm_zb_pl|Шлемы Вождя
itm_sarzennar_noble_helm_zbb|Шлем Завоевателя
itm_sarzennar_noble_helm_zbb_pl|Шлемы Завоевателя
itm_sarzennar_noble_helm_zc|Повелитель's Helmet
itm_sarzennar_noble_helm_zc_pl|Шлемы Повелителя
itm_valkuur_common_helm_a|Улья Face Cowl
itm_valkuur_common_helm_a_pl|Улья Face Cowls
itm_valkuur_common_helm_b|Улья Oni Дзингаса
itm_valkuur_common_helm_b_pl|Улья Oni Дзингаса
itm_valkuur_common_helm_c|Улья Hooded Сандогаса
itm_valkuur_common_helm_c_pl|Улья Hooded Сандогаса
itm_valkuur_noble_armor_a|Боевой Ветеранский's Доспех
itm_valkuur_noble_armor_a_pl|Боевой Ветеранский's Доспехи
itm_valkuur_noble_armor_b|Боевой Ветеранский's Нагрудник
itm_valkuur_noble_armor_b_pl|Боевой Ветеранский's Chestplates
itm_valkuur_noble_armor_c|Валькур Дворянский's Доспех
itm_valkuur_noble_armor_c_pl|Валькур Дворянский's Доспех
itm_valkuur_noble_armor_d|Улья Prince's Доспех
itm_valkuur_noble_armor_d_pl|Улья Prince's Доспехи
itm_valkuur_noble_armor_e|Валькур Дворянский's Доспех
itm_valkuur_noble_armor_e_pl|Валькур Дворянский's Доспех
itm_valkuur_noble_helm_a|Валькур Дворянский's Helmet
itm_valkuur_noble_helm_a_pl|Валькур Дворянский's Helmet
itm_valkuur_noble_helm_b|Валькур Дворянский's Helmet
itm_valkuur_noble_helm_b_pl|Валькур Дворянский's Helmet
itm_valkuur_noble_helm_c|Валькур Дворянский's Helmet
itm_valkuur_noble_helm_c_pl|Валькур Дворянский's Helmet
itm_valkuur_noble_helm_d|Валькур Дворянский's Helmet
itm_valkuur_noble_helm_d_pl|Валькур Дворянский's Helmet
itm_valkuur_noble_helm_e|Валькур Дворянский's Helmet
itm_valkuur_noble_helm_e_pl|Валькур Дворянский's Helmet
itm_valkuur_noble_helm_f|Валькур Дворянский's Helmet
itm_valkuur_noble_helm_f_pl|Валькур Дворянский's Helmet
itm_valkuur_noble_helm_g|Валькур Дворянский's Helmet
itm_valkuur_noble_helm_g_pl|Валькур Дворянский's Helmet
itm_valkuur_noble_helm_h|Валькур Дворянский's Helmet
itm_valkuur_noble_helm_h_pl|Валькур Дворянский's Helmet
itm_valkuur_noble_helm_i|Валькур Дворянский's Helmet
itm_valkuur_noble_helm_i_pl|Валькур Дворянский's Helmet
itm_valkuur_noble_helm_j|Валькур Дворянский's Helmet
itm_valkuur_noble_helm_j_pl|Валькур Дворянский's Helmet
itm_xavaris_common_helm|Самурайский Сталь Кабуто
itm_xavaris_common_helm_pl|Самурайский Сталь Кабуто
itm_xavaris_noble_armor_a|Имперский Дворянский's Доспех
itm_xavaris_noble_armor_a_pl|Имперский Дворянский's Доспех
itm_xavaris_noble_armor_b|Самурайский Captain Гусоку
itm_xavaris_noble_armor_b_pl|Самурайский Captain Гусоку
itm_xavaris_noble_armor_c|Капитан Отряда's Гусоку
itm_xavaris_noble_armor_c_pl|Капитан Отряда's Гусоку
itm_xavaris_noble_armor_d|Имперский Дворянский's Ламелляр
itm_xavaris_noble_armor_d_pl|Имперский Дворянский's Ламелляр
itm_xavaris_noble_armor_e|Tyrant Ламелляр Доспех
itm_xavaris_noble_armor_e_pl|Tyrant Ламелляр Доспех
itm_xavaris_noble_armor_f|Даймё's Гусоку и Хаори
itm_xavaris_noble_armor_f_pl|Даймё's Гусоку и Хаори
itm_xavaris_noble_helm_a|ОГ Даймё Кабуто
itm_xavaris_noble_helm_a_pl|ОГ Даймё Кабуто
itm_xavaris_noble_helm_b|Самурайский Captain Кабуто
itm_xavaris_noble_helm_b_pl|Самурайский Captain Кабуто
itm_xavaris_noble_helm_c|Даймё Сталь Дзингаса
itm_xavaris_noble_helm_c_pl|Даймё Сталь Дзингаса
itm_xavaris_noble_helm_d|С Гребнем Даймё Кабуто
itm_xavaris_noble_helm_d_pl|С Гребнем Даймё Кабуто
itm_xavaris_noble_helm_e|Дворянский Маскированный Helmet
itm_xavaris_noble_helm_e_pl|Дворянский Маскированный Helmet
itm_xavaris_noble_helm_f|Despot Ламелляр Кабуто
itm_xavaris_noble_helm_f_pl|Despot Ламелляр Кабуто
itm_xavaris_noble_helm_g|Капитан Отряда's Кабуто
itm_xavaris_noble_helm_g_pl|Кабуто Капитана Отряда
itm_xavaris_noble_helm_z|Имперский Lord's Кабуто
itm_xavaris_noble_helm_z_pl|Имперский Lord's Кабуто
itm_arazthor_common_armor|Despot Латы Доспех
itm_arazthor_common_armor_pl|Despot Латы Доспехи
itm_celadun_common_armor|Республики Тяжёлый Domaru
itm_celadun_common_armor_pl|Республики Тяжёлый Domaru
itm_dendaeron_common_armor|Шекский Light Железо Доспех
itm_dendaeron_common_armor_pl|Шекский Light Железо Доспех
itm_eshkor_common_armor|Эшкор Trooper Доспех
itm_eshkor_common_armor_pl|Эшкор Trooper Доспех
itm_sarkondar_common_armor|Змеиный Musketeer Доспех
itm_sarkondar_common_armor_pl|Змеиный Musketeer Доспех
itm_sarzennar_common_armor|Драконий Клановый Гусоку
itm_sarzennar_common_armor_pl|Драконий Клановый Гусоку
itm_valkuur_common_armor|Улья Грубый Латы
itm_valkuur_common_armor_pl|Улья Грубый Латы
itm_xavaris_common_armor|Грубый Ламелляр Доспех
itm_xavaris_common_armor_pl|Грубый Ламелляр Доспехи
itm_arazthor_gambeson|Святой Нагрудник
itm_arazthor_gambeson_pl|Святой Нагрудник
itm_celadun_gambeson|Шекский Воин Меха
itm_celadun_gambeson_pl|Шекский Воин Меха
itm_dendaeron_gambeson|Swamp Ниндзя Доспех
itm_dendaeron_gambeson_pl|Swamp Ниндзя Доспехи
itm_eshkor_gambeson|Eshkorian Гамбезон
itm_eshkor_gambeson_pl|Eshkorian Гамбезон
itm_sarzennar_gambeson|Sarzennarin Гамбезон
itm_sarzennar_gambeson_pl|Sarzennarin Гамбезон
itm_sarkondar_gambeson|Драконий Кольчуга Доспех
itm_sarkondar_gambeson_pl|Драконий Кольчуга Доспех
itm_valkuur_gambeson|Улья Ламелляр Доспех
itm_valkuur_gambeson_pl|Улья Ламелляр Доспехи
itm_xavaris_gambeson|Самурайский Кожа Доспех
itm_xavaris_gambeson_pl|Самурайский Кожа Доспех
itm_ray_musket_a|Хоцян
itm_ray_musket_a_pl|Хоцян
itm_ray_musket_b|Самодельный Handgonne
itm_ray_musket_b_pl|Самодельный Handgonne
itm_ray_musket_c|Няочун
itm_ray_musket_c_pl|Няочун
itm_ray_musket_c_m|Няочун Bayonet
itm_ray_musket_c_m_pl|Няочун Bayonet
itm_ray_musket_d|Тяжёлый Аркебуза
itm_ray_musket_d_pl|Тяжёлый Аркебуза
itm_ray_musket_e|Аркебуза
itm_ray_musket_e_pl|Аркебуза
itm_ray_musket_f|Repeater Кремнёвый Винтовка
itm_ray_musket_f_pl|Repeater Кремнёвый Винтовка
itm_gozonn_mauler|Гозонн Булава
itm_gozonn_mauler_pl|Гозонн Булава
itm_duckbill|Рысак
itm_duckbill_pl|Рысак
itm_trike|Гашарн
itm_trike_pl|Гашарн
itm_gazelle|Пасучий
itm_gazelle_pl|Пасучий
itm_dino|Fin Ящерица
itm_dino_pl|Fin Ящерица
itm_padded_top_a|Кожа Helmet
itm_padded_top_a_pl|Кожа Helmet
itm_padded_top_b|Кожа Helmet
itm_padded_top_b_pl|Кожа Helmet
itm_jingasa_a|Боевой Шляпа
itm_jingasa_a_pl|Боевой Шляпа
itm_jingasa_b|Боевой Шляпа
itm_jingasa_b_pl|Боевой Шляпа
itm_orogon_face_studs|Пирсинг
itm_orogon_face_studs_pl|Пирсинг
itm_cydonian_uniform|Железо Сутра Плащ
itm_cydonian_uniform_pl|Железо Сутра Плащи
itm_cydonian_boots|Кидонский Штаны
itm_cydonian_boots_pl|Кидонский Штаны
itm_Cydonian_Chest|Гнилой Ёрой и Плащ
itm_Cydonian_Chest_pl|Гнилой Ёрой и Cloaks
itm_cydonian_kuhnight|Железо Сутра Боксёр Uniform
itm_cydonian_kuhnight_pl|Железо Сутра Боксёр Uniforms
itm_cydonian_legwrap|Обмотки Ног Кидонии
itm_cydonian_legwrap_pl|Обмотки Ног Кидонии
itm_cydonian_centur|Железо Сутра Uniform
itm_cydonian_centur_pl|Железо Сутра Uniforms
itm_cydonian_cuirass|Шекский Лёгкий Доспех
itm_cydonian_cuirass_pl|Шекский Лёгкий Доспех
itm_cydonian_centuriall|Каннибальский Spike Латы
itm_cydonian_centuriall_pl|Каннибальский Spike Латы
itm_cydonian_warmask|Ханьямэн
itm_cydonian_warmask_pl|Ханьямэн
itm_cydonian_Morion|Тюрбан и Очки
itm_cydonian_Morion_pl|Тюрбан и Очки
itm_cydonian_knight_helmet|Плетёный Кабуто
itm_cydonian_knight_helmet_pl|Плетёный Кабуто
itm_cydonian_knight_mask|Гнилой Кость Кабуто
itm_cydonian_knight_mask_pl|Гнилой Кость Кабуто
itm_cydonian_stahl|Наёмника С Гребнем Helmet
itm_cydonian_stahl_pl|Наёмника С Гребнем Helmet
itm_cydonian_masked_morion|Long Haired Кабуто
itm_cydonian_masked_morion_pl|Длинноволосые Кабуто
itm_invisi_boo|Прозрачный Сапог
itm_invisi_boo_pl|Прозрачный Сапог
itm_cydonian_star_knight_plate|Наказанный Принц Доспех
itm_cydonian_star_knight_plate_pl|Доспехи Наказанного Принца
itm_cydonian_centurial_mask|Swamp Ниндзя Helmet
itm_cydonian_centurial_mask_pl|Swamp Ниндзя Шлемы
itm_cydonian_knight_plate|Паноплия Воина Кабуки
itm_cydonian_knight_plate_pl|Паноплия Воина Кабуки
itm_orogon_zamurai_do|Металлоломный Кираса
itm_orogon_zamurai_do_pl|Металлоломный Кираса
itm_orogon_zamurai_do2|Кожа Ламелляр Доспех
itm_orogon_zamurai_do2_pl|Кожа Ламелляр Доспехи
itm_orogon_kabut|Чёрный Железо Кабуто
itm_orogon_kabut_pl|Чёрный Железо Кабуто
itm_orogon_facem|Маскированный Чёрный Железо Кабуто
itm_orogon_facem_pl|Маскированный Чёрный Железо Кабуто
itm_Orogon_Torgudopl|Кочевой Вождя Латы
itm_Orogon_Torgudopl_pl|Кочевой Вождя Латы
itm_Zomi_Yant|Татуировки Алат-Янт Зоми
itm_Zomi_Yant_pl|Татуировки Алат-Янт Зоми
itm_Zomi_Yant2|Zomi Alat-Yant Жилет
itm_Zomi_Yant2_pl|Zomi Alat-Yant Жилет
itm_monk_wrap|Monk Обмотанный Ботинки
itm_monk_wrap_pl|Monk Обмотанный Ботинки
itm_orogon_boots|Bushi Сунэатэ
itm_orogon_boots_pl|Bushi Сунэатэ
itm_orogon_doumaru|Sleeveless Железо Kebiki
itm_orogon_doumaru_pl|Sleeveless Железо Kebiki
itm_cydonian_chestoplet|Улья Тяжёлый Меха
itm_cydonian_chestoplet_pl|Улья Тяжёлый Меха
itm_monk_yant_feet|Zomi Сандалии
itm_monk_yant_feet_pl|Zomi Сандалии
itm_Valkuur_Gambesonzz|Улья Zincplate
itm_Valkuur_Gambesonzz_pl|Улья Zincplates
itm_ajiat_form|Форма Аджиат
itm_ajiat_form_pl|Форма Аджиат
itm_Path_Uniform|Бродяга Ронина Хакама
itm_Path_Uniform_pl|Бродяга Ронина Хакамы
itm_Path_Uniform2|Металлоломный Железо Латы
itm_Path_Uniform2_pl|Металлоломный Железо Латы
itm_path_hat|Veiled Кожа Шляпа
itm_path_hat_pl|Veiled Кожа Шляпы
itm_path_dana|Мятежный Соломенный Капюшон
itm_path_dana_pl|Мятежный Соломенный Капюшон
itm_Path_Bubblech|Шекский Immortal Доспех
itm_Path_Bubblech_pl|Шекский Immortal Доспехи
itm_bubblech_hat|Эбоси Шляпа
itm_bubblech_hat_pl|Эбоси Шляпы
itm_Path_Enlighten|Ao Oni Дзингаса
itm_Path_Enlighten_pl|Ao Oni Дзингаса
itm_path_englighten_toys|Path Seer Дзингаса
itm_path_englighten_toys_pl|Path Seer Дзингаса
itm_Path_Sutto|Гнев Крала
itm_Path_Sutto_pl|Гнев Крала
itm_wandered_straw_hat|Каса Соломенная Шляпа
itm_wandered_straw_hat_pl|Каса Соломенный Шляпы
itm_UC_sugegasa|Сугэгаса Шляпа
itm_UC_sugegasa_pl|Сугэгаса Шляпы
itm_farmer_sandals|Farmer Сандалии
itm_farmer_sandals_pl|Farmer Сандалии
itm_arudakebiki_kenshi|ОГ Полу- Доспех
itm_arudakebiki_kenshi_pl|ОГ Полу- Доспехи
itm_UC_samurai_Kabuto|Самурайский Кабуто ОГ
itm_UC_samurai_Kabuto_pl|ОГ Самурайский Кабуто
itm_samurai_kote|Самурайский Котэ
itm_samurai_kote_pl|Самурайский Kotes
itm_geta_sandals|Гэта Сандалии
itm_geta_sandals_pl|Гэта Сандалии
itm_UC_samurai_armor|Самурайский Доспех ОГ
itm_UC_samurai_armor_pl|ОГ Самурайский Доспехи
itm_desert_leather_bo=ots|Пустынный Кожа Сапоги
itm_desert_leather_bo=ots_pl|Пустынный Кожа Сапоги
itm_bloodstained_sword|Окровавленный Катана
itm_bloodstained_sword_pl|Окровавленный Катана
itm_UC_Samurai_Kabto2|Самурайский Кабуто ОГ Шлем
itm_UC_Samurai_Kabto2_pl|Самурайский Кабуто ОГ Шлемы
itm_wide_kasa|Wide Каса Шляпа
itm_wide_kasa_pl|Wide Каса Шляпы
itm_UC_Half_Gunner|ОГ Стрелок Доспех
itm_UC_Half_Gunner_pl|ОГ Стрелок Доспехи
itm_samurai_sugu|Соломенный Сугу и Самурайский Сапоги
itm_samurai_sugu_pl|Соломенный Сугу и Самурайский Сапоги
itm_UC_sam_half|ОГ Самурайский Полу- Доспех
itm_UC_sam_half_pl|ОГ Самурайский Полу- Доспехи
itm_uc_sam_hanbnu|ОГ Самурайский Латы
itm_uc_sam_hanbnu_pl|ОГ Самурайский Латы
itm_uc_samurai_iron_boo|ОГ Железо Поножи
itm_uc_samurai_iron_boo_pl|ОГ Железо Поножи
itm_ronin_robe|Ронина Роба
itm_ronin_robe_pl|Ронина Робы
itm_wanderer_rbs|Робы Странника
itm_wanderer_rbs_pl|Робы Странника
itm_yellow_village_rbs|Робы Селянина
itm_yellow_village_rbs_pl|Робы Селянина
itm_peasentss|Батрак Роба
itm_peasentss_pl|Робы Батрака
itm_female_villager|Деревенский Роба
itm_female_villager_pl|Деревенские Робы
itm_wanderer_straw_hat|Ронина Соломенная Шляпа
itm_wanderer_straw_hat_pl|Ронина Соломенный Шляпы
itm_ronin_gasa|Гаса Странника
itm_ronin_gasa_pl|Гаса Странника
itm_monke_robes|Робы Странствующего Монаха
itm_monke_robes_pl|Робы Странствующего Монаха
itm_turban_desert|Пустынный Головная Повязка
itm_turban_desert_pl|Пустынный Головные Повязки
itm_turban_with_gogg|Головная Повязка с Очки
itm_turban_with_gogg_pl|Головная Повязка с Очки
itm_straw_yabusame|Соломенный Ябусамэ Шляпа
itm_straw_yabusame_pl|Соломенный Ябусамэ Шляпы
itm_kamuso_monku|Робы Камусо
itm_kamuso_monku_pl|Робы Камусо
itm_yamabushi2|Отщепенец Туника
itm_yamabushi2_pl|Туники Отщепенца
itm_trader_outfito|Sangley Туника
itm_trader_outfito_pl|Sangley Туника
itm_rich_red_shirt|Красный Лён Рубаха
itm_rich_red_shirt_pl|Красный Лён Рубахи
itm_townsman_outfit|Матерчатый Куртка
itm_townsman_outfit_pl|Матерчатые Куртки
itm_town_shoes|Городской Ботинки
itm_town_shoes_pl|Городской Ботинки
itm_warm_tunic|Лён Туника
itm_warm_tunic_pl|Лён Tunics
itm_paddy_tunic|Крестьянин Туника
itm_paddy_tunic_pl|Крестьянские Туники
itm_uc_samurai_cop|ОГ Самурайский Police Нагрудник
itm_uc_samurai_cop_pl|ОГ Самурайский Police Chestplates
itm_pantorilla_chanclas|Старый Кожа Сандалии
itm_pantorilla_chanclas_pl|Старый Кожа Сандалии
itm_rusty_dao|Ржавый Дао
itm_rusty_dao_pl|Ржавый Дао
itm_rusty_hidden_blade|Ржавый Hidden Клинок
itm_rusty_hidden_blade_pl|Ржавый Hidden Клинки
itm_loan_katana|Бандитский Катана
itm_loan_katana_pl|Бандитский Катаны
itm_holy_nation_helmet|Святая Нация Хатиганэ
itm_holy_nation_helmet_pl|Святая Нация Хатиганэ
itm_okranite_gaunts|Огранит Железо Наручи
itm_okranite_gaunts_pl|Огранит Железо Наручи
itm_straw_caomao|Цаомао Шляпа
itm_straw_caomao_pl|Цаомао Шляпы
itm_rusty_ass_katanaa|Ржавый Катана
itm_rusty_ass_katanaa_pl|Ржавый Катаны
itm_emperor_tengu_hakama|Emperor Тэнгу Хакама
itm_emperor_tengu_hakama_pl|Emperor Тэнгу Хакама
itm_united_cities_hakama|Союзные Города Хакама
itm_united_cities_hakama_pl|Союзные Города Хакама
itm_emperor_tengu_hat|Emperor Тэнгу's Шляпа
itm_emperor_tengu_hat_pl|Emperor Тэнгу's Шляпы
itm_iron_armbands|Железо Armbands
itm_iron_armbands_pl|Железо Armbands
itm_rusty_heavy_cleaver|Тяжёлый Тесак
itm_rusty_heavy_cleaver_pl|Тяжёлый Тесаки
itm_okranite_jacket|Огранит Куртка
itm_okranite_jacket_pl|Огранит Куртки
itm_tekkou|Тэккоу Gauntlet
itm_tekkou_pl|Тэккоу Наручи
itm_farmer_tunic|Батрак Туника
itm_farmer_tunic_pl|Туники Батрака
itm_okranite_scorchlander|Огранит Опалённый Голова
itm_okranite_scorchlander_pl|Огранит scorchlanders Голова
itm_okran_chest_scorch|Огранит Нагрудник
itm_okran_chest_scorch_pl|Огранит Chestplates
itm_scorchlander_iron_bands|Железо Armbands
itm_scorchlander_iron_bands_pl|Железо Armbands
itm_UC_Rust|Союзные Города Ржавый Доспех
itm_UC_Rust_pl|Союзные Города Ржавый Доспехи
itm_okranite_armor|Огранит Доспех
itm_okranite_armor_pl|Огранит Доспехи
itm_waraaji|Leg-Обмотанный Варадзи Сандалии
itm_waraaji_pl|Leg-Обмотанный Варадзи Сандалии
itm_okranite_halberd|Огранит Алебарда
itm_okranite_halberd_pl|Огранит Halberds
itm_rusty_lance|Ржавый Кавалерийское Копьё с Plume
itm_rusty_lance_pl|Ржавый Кавалерийское Копьё с Plume
itm_chainmail_boots_m|Кольчуга Сапоги
itm_chainmail_boots_m_pl|Кольчуга Сапоги
itm_scorchlander_geta_sandals|Гэта Сандалии
itm_scorchlander_geta_sandals_pl|Гэта Сандалии
itm_okranite_paladin_plate|Огранит Paladin Латы и Цепной
itm_okranite_paladin_plate_pl|Огранит Paladin Латы и Цепной
itm_female_hakama|Городской Хакама
itm_female_hakama_pl|Городские Хакамы
itm_okranite_beard|Огранит Beard
itm_okranite_beard_pl|Огранит Beards
itm_peasant_hakama|Крестьянин Хакама
itm_peasant_hakama_pl|Крестьянин Хакама
itm_green_kimono|Зелёный Kimono
itm_green_kimono_pl|Зелёный Kimonos
itm_okranti_outfit|Огранит Обмундирование
itm_okranti_outfit_pl|Огранит Outfits
itm_splint_rust|Splinted Сапоги
itm_splint_rust_pl|Splinted Сапоги
itm_okranite_boots|Огранит Сапоги
itm_okranite_boots_pl|Огранит Сапоги
itm_okranite_chain_hood|Карута Дзукин
itm_okranite_chain_hood_pl|Карута Дзукин
itm_okranite_flat|Святая Нация Flat Helmet
itm_okranite_flat_pl|Святая Нация Flat Helmet
itm_scorchland_okran_flat|Святая Нация Bucket Дзукин
itm_scorchland_okran_flat_pl|Святая Нация Bucket Дзукин
itm_okranite_leather_vest|Огранит Кожа Жилет
itm_okranite_leather_vest_pl|Огранит Кожа Жилеты
itm_tanegashima|Танэгасима Винтовка
itm_tanegashima_pl|Танэгасима Винтовки
itm_tanegashima_pistol|Танэгасима Ружьё
itm_tanegashima_pistol_pl|Танэгасима Ружья
itm_scorchlander_samurai_plat|Опалённый Самурайский Латы
itm_scorchlander_samurai_plat_pl|Опалённый Самурайский Латы
itm_united_cities_armor|Доспех ОГ Латы
itm_united_cities_armor_pl|Доспех ОГ Латы
itm_sayum_robe|Полевые Робы
itm_sayum_robe_pl|Полевые Робы
itm_iron_gasa|Железо Каса Шляпа
itm_iron_gasa_pl|Железо Каса Шляпа
itm_brown_kimono|Коричневый Kimono
itm_brown_kimono_pl|Коричневый Kimonos
itm_ringed_cleaver|Ringed Тесак
itm_ringed_cleaver_pl|Тесаки с Кольцами
itm_scrap_blade|Лезвие из Металлолома
itm_scrap_blade_pl|Металлоломный Клинки
itm_hugedao|Металлоломный Конная Секира
itm_hugedao_pl|Металлоломный Конные Секиры
itm_rusty_heavy_dao|Тяжёлый Лезвие из Металлолома
itm_rusty_heavy_dao_pl|Тяжёлый Лезвие из Металлолома
itm_handwraps|Обмотки Рук
itm_handwraps_pl|Обмотки Рук
itm_legwrappings|Обмотки Ног
itm_legwrappings_pl|Обмотки Ног
itm_martial_artist_coat|Мастер Боевых Искусств Плащ
itm_martial_artist_coat_pl|Плащи Мастера Боевых Искусств
itm_martial_coat2|Противник Рабства Плащ
itm_martial_coat2_pl|Плащи Противника Рабства
itm_skeleton_bodee|Каркас Скелета
itm_skeleton_bodee_pl|Скелета Каркасы
itm_skele_hands|Скелета Руки
itm_skele_hands_pl|Скелета Руки
itm_droid_leg|Скелета Ноги
itm_droid_leg_pl|Скелета Ноги
itm_skeleton_head1|Голова Скелета
itm_skeleton_head1_pl|Скелета Головы
itm_skeleton_head2|Голова Скелета
itm_skeleton_head2_pl|Скелета Головы
itm_mountainkasa|Каса Шляпа и Респиратор
itm_mountainkasa_pl|Каса Шляпа и Respirators
itm_new_item1|Разбойника Клетчатый Шлем
itm_new_item1_pl|Разбойника Клетчатый Шлемы
itm_clothmust|Тагельмуст
itm_clothmust_pl|Тагельмусты
itm_chain_tagel|Цепной Тагельмуст
itm_chain_tagel_pl|Цепные Тагельмусты
itm_senseimono|Дворянский Kimono
itm_senseimono_pl|Дворянский Kimonos
itm_shek_warrior_lady|Шекский Воин Доспех
itm_shek_warrior_lady_pl|Шекский Воин Доспехи
itm_femshek_head|Женский Шекский Голова
itm_femshek_head_pl|Женский Шекский Головы
itm_male_shek_head|Мужской Шекский Голова
itm_male_shek_head_pl|Мужской Шекский Головы
itm_shek_warrior|Шекский Воин Доспех
itm_shek_warrior_pl|Шекский Воин Доспехи
itm_kusari_zukin|Kusari Дзукин
itm_kusari_zukin_pl|Кусари Дзукин
itm_okranite_palabrouse|Огранит Paladin Чёрный Латы
itm_okranite_palabrouse_pl|Огранит Paladin Чёрный Латы
itm_iron_yabusame|Элитный Охотник Ябусамэ
itm_iron_yabusame_pl|Элитные Охотничьи Ябусамэ
itm_waraji_and_sugu|Варадзи и Соломенный Сугу
itm_waraji_and_sugu_pl|Варадзи и Соломенный Sugus
itm_ninja_hidden|Ниндзя Hidden Клинок
itm_ninja_hidden_pl|Ниндзя Hidden Клинки
itm_cleaver_sabre|Изогнутый Тесак
itm_cleaver_sabre_pl|Изогнутые Тесаки
itm_demon_meitou|Демонический Мейто
itm_demon_meitou_pl|Демонические Мейто
itm_armored_rags|Бронированный Цепной Тряпьё
itm_armored_rags_pl|Бронированный Цепной Тряпьё
itm_cannibal_hunt_yabu|Железо Ябусамэ и Facewrap
itm_cannibal_hunt_yabu_pl|Железо Ябусамэ и Facewraps
itm_fezuwrap|Пустынный Facewrap
itm_fezuwrap_pl|Пустынный Facewraps
itm_headwrap_shek|Мужской Шекский Головная Повязка
itm_headwrap_shek_pl|Мужской Шекский Головные Повязки
itm_shek_iron_plate|Шекский Тряпьё и Железо Латы
itm_shek_iron_plate_pl|Шекский Тряпьё и Железо Латы
itm_berserk_slab|Железо Slab
itm_berserk_slab_pl|Железо Slabs
itm_shek_female_mask|Шекский Женский Респиратор
itm_shek_female_mask_pl|Шекский Женский Респиратор
itm_heavy_headwrap|Headwrappings и Тряпьё
itm_heavy_headwrap_pl|Headwrappings и Тряпьё
itm_holy_maskud|Святой Маскированный Helmet
itm_holy_maskud_pl|Святой Маскированный Шлемы
itm_lanxang_hat|Соломенный Pointed Шляпа
itm_lanxang_hat_pl|Остроконечные Соломенные Шляпы
itm_lederhosen_glove|Перчатки Кожевника
itm_lederhosen_glove_pl|Перчатки Кожевника
itm_desert_ninja_robe|Пустынный Ниндзя Робы
itm_desert_ninja_robe_pl|Пустынный Ниндзя Робы
itm_shek_spear|Шекский Stone Копьё
itm_shek_spear_pl|Шекский Stone Копья
itm_straw_square_shield|Соломенный Щит
itm_straw_square_shield_pl|Соломенные Щиты
itm_eiberlussa|Усиленный Соломенный Щит
itm_eiberlussa_pl|Усиленный Соломенный Щит
itm_wakziashielod|Для Левой Руки Вакидзаси
itm_wakziashielod_pl|Для Левой Руки Вакидзаси
itm_eyepatchi|Повязка на Глаз
itm_eyepatchi_pl|Глазные Повязки
itm_rusty_lamellar_helm|Ламелляр Helmet и Facewrap
itm_rusty_lamellar_helm_pl|Ламелляр Шлемы и Facewraps
itm_ninja_chain_robe|Синоби Цепной Роба
itm_ninja_chain_robe_pl|Синоби Цепной Робы
itm_desert_robes_and_rust_plate|Пустынный Робы и Ржавый Латы
itm_desert_robes_and_rust_plate_pl|Пустынный Робы и Ржавый Латы
itm_ninja_noh|Синоби Facewrap
itm_ninja_noh_pl|Синоби Facewraps
itm_chain_headwrap|Цепной Головная Повязка
itm_chain_headwrap_pl|Цепной Головная Повязка
itm_shuriken|Железо Сюрикен
itm_shuriken_pl|Железо Shurikens
itm_shinobi_boots|Ниндзя Сапоги
itm_shinobi_boots_pl|Ниндзя Сапоги
itm_rusty_dlatiaor|Ржавый Железо Helmet
itm_rusty_dlatiaor_pl|Ржавый Железо Шлемы
itm_bandit_nomad_armor|Бандитский Кочевой Доспех
itm_bandit_nomad_armor_pl|Бандитский Кочевой Доспехи
itm_shenbi|Шекский Shenbi
itm_shenbi_pl|Шекский Shenbi
itm_shek_bakiraka|Hundred Guardian Латный Роба
itm_shek_bakiraka_pl|Латные Робы Сотни Стражей
itm_bakiraka_legs|Шекский Бакирака Ноги
itm_bakiraka_legs_pl|Шекский Бакирака Ноги
itm_bakiraka_fist|Шекский Бакирака Fist
itm_bakiraka_fist_pl|Шекский Бакирака Fists
itm_big_male_shek_head|Шекский Мужской Big Голова
itm_big_male_shek_head_pl|Шекский Мужской Big Головы
itm_pipe|Медь Трубчатый
itm_pipe_pl|Медь Pipes
itm_bloody_slab|Blood-Проржавевший Needle Slab
itm_bloody_slab_pl|Blood-Проржавевший Needle Slabs
itm_bakiraka_scarf|Шекский Facewrap и Очки
itm_bakiraka_scarf_pl|Шекский Facewrap и Очки
itm_black_gloves|Ниндзя Перчатки
itm_black_gloves_pl|Ниндзя Перчатки
itm_shek_leather|Шекский Кожа Жилет
itm_shek_leather_pl|Шекский Кожа Жилеты
itm_shekrobes|Шекский Пустынный Робы
itm_shekrobes_pl|Шекский Пустынный Робы
itm_rusty_platelegs|Шипастый Platelegs
itm_rusty_platelegs_pl|Шипастый Platelegs
itm_tunic_and_furs|Туника и Меха
itm_tunic_and_furs_pl|Туника и Меха
itm_sashud|Клинок Сашуда
itm_sashud_pl|Клинки Сашуда
itm_ninja_hood|Ниндзя Капюшон
itm_ninja_hood_pl|Ниндзя Капюшон
itm_shek_plate|Шекский Латы Доспех
itm_shek_plate_pl|Шекский Латы Доспехи
itm_samurai_vambrace|Самурайский Котэ и Braces
itm_samurai_vambrace_pl|Самурайский Котэ и Braces
itm_flesh_cleave|Тесак Клинок
itm_flesh_cleave_pl|Тесак Клинки
itm_kunai_daga|Кунай
itm_kunai_daga_pl|Кунаи
itm_black_dragon_nin_noh|Чёрный Дракон Nin Noh
itm_black_dragon_nin_noh_pl|Чёрный Дракон Nin Noh
itm_ninja_yoroi|Синоби Цепной Ёрой
itm_ninja_yoroi_pl|Синоби Цепной Yorois
itm_skeleton_mask|Маска Скелета
itm_skeleton_mask_pl|Скелета Маски
itm_scorchlanconslea|Рекрут Кожа Доспех
itm_scorchlanconslea_pl|Рекрут Кожа Доспехи
itm_scorchlanron|Ронина Дзингаса
itm_scorchlanron_pl|Ронина Дзингаса
itm_greenlandercons|Рекрут Кожа Доспех
itm_greenlandercons_pl|Рекрут Кожа Доспех
itm_oldasskat|Старый Катана
itm_oldasskat_pl|Старый Катаны
itm_eyepatchwithhair|Повязка на Глаз/Волосы
itm_eyepatchwithhair_pl|Повязка на Глаз/Волосы
itm_kanabo|Железо Канабо
itm_kanabo_pl|Железо Kanabos
itm_ninjer_boots|Синоби Таби
itm_ninjer_boots_pl|Синоби Таби
itm_slave_rags_and_gear|Trapper Тряпьё
itm_slave_rags_and_gear_pl|Trapper Тряпьё
itm_bowie_knife|Skinning Нож
itm_bowie_knife_pl|Ножи для Свежевания
itm_straw_gear|Мятежный Сугу
itm_straw_gear_pl|Мятежный Сугу
itm_chokuto|Железо Тёкуто
itm_chokuto_pl|Железо Chokutos
itm_mexiunif|Республики Uniform
itm_mexiunif_pl|Республики Uniforms
itm_republican_hat|Республиканский Шляпа
itm_republican_hat_pl|Республиканский Шляпа
itm_sandalchancla|Сандалии
itm_sandalchancla_pl|Сандалии
itm_tan_coart|Tan Плащ
itm_tan_coart_pl|Tan Плащ
itm_mexicanwaraji|Республики Варадзи
itm_mexicanwaraji_pl|Республики Варадзи
itm_republic_jingasa|Республиканский Дзингаса
itm_republic_jingasa_pl|Республиканский Дзингаса
itm_battlwornkat|Потрёпанная Катана
itm_battlwornkat_pl|Потрёпанный Катаны
itm_relic_cleaver|Гробничный Тесак
itm_relic_cleaver_pl|Гробничные Тесаки
itm_sand_ninja_shuriken|Песчаный Сюрикен
itm_sand_ninja_shuriken_pl|Песчаный Shurikens
itm_sand_jonin_coat|Песчаный Плащ
itm_sand_jonin_coat_pl|Песчаный Плащи
itm_nonla_pucho|Соломенная Шляпа и Cigarette
itm_nonla_pucho_pl|Соломенные Шляпы и Сигареты
itm_shek_samurai|Шекский Ёрой
itm_shek_samurai_pl|Шекский Yorois
itm_rusty_wakizashi|Синоби Клинок
itm_rusty_wakizashi_pl|Синоби Клинки
itm_black_dragon_jingasa|Теневой Дзингаса
itm_black_dragon_jingasa_pl|Теневой Дзингаса
itm_black_dragonplate|Чёрный Dragonplate
itm_black_dragonplate_pl|Чёрный Dragonplate
itm_jingasa_platehelm|Дзингаса Platehelm
itm_jingasa_platehelm_pl|Дзингаса Platehelms
itm_blackdragonvambraces|Драконий Доспех с Наручами
itm_blackdragonvambraces_pl|Драконий Доспех с Наручами
itm_black_dragon_shur|Чёрный Дракон Сюрикен
itm_black_dragon_shur_pl|Чёрный Дракон Shurikens
itm_iron_staffu|Железный Посох
itm_iron_staffu_pl|Железо Staves
itm_kenshi_crossbow|Спринг-Бат
itm_kenshi_crossbow_pl|Спринг-Баты
itm_scrap_mask|Металлоломный Железо Маска
itm_scrap_mask_pl|Металлоломный Железо Маски
itm_bloody_nasobuco|Окровавленный Cowl
itm_bloody_nasobuco_pl|Окровавленный Cowls
itm_ninjamust|Ниндзя Тагельмуст
itm_ninjamust_pl|Ниндзя Тагельмусты
itm_bloodstained_headwarp|Окровавленный Головные Повязки
itm_bloodstained_headwarp_pl|Окровавленный Головные Повязки
itm_tabi_geta|Таби и Гэта Сандалии
itm_tabi_geta_pl|Таби и Гэта Сандалии
itm_desert_cowl|Пустынный Плащ
itm_desert_cowl_pl|Пустынный Cloaks
itm_scrap_shortsword|Металлоломный Короткий Тесак
itm_scrap_shortsword_pl|Металлоломный Короткий Тесаки
itm_scrap_chopz|Плоть Тесак
itm_scrap_chopz_pl|Тесаки для Плоти
itm_handwrap_roboarm|Рука Скелета
itm_handwrap_roboarm_pl|Рука Скелета
itm_armadura_cubana_con_peto|Металлоломный Латы и Wrappings
itm_armadura_cubana_con_peto_pl|Металлоломный Латы и Wrappings
itm_steampleg|Нога Скелета
itm_steampleg_pl|Нога Скелета
itm_prost|Протез Ноги
itm_prost_pl|Протез Ноги
itm_khanda|Чужеземная Сабля
itm_khanda_pl|Чужеземный Сабли
itm_horsechop|Катунский Сабля
itm_horsechop_pl|Катунский Сабли
itm_fight_cleav|Боевой Тесак
itm_fight_cleav_pl|Боевые Тесаки
itm_bloody_wrapped_chanclas|Кровавый Обмотанный Гэта
itm_bloody_wrapped_chanclas_pl|Кровавый Обмотанный Гэта
itm_wrapped_geta|Обмотанный Гэта
itm_wrapped_geta_pl|Обмотанный Гэта
itm_tela_enreda|Knit Тюрбан
itm_tela_enreda_pl|Вязаные Тюрбаны
itm_pack_jagron|Вьючный Джагрон
itm_pack_jagron_pl|Вьючные Джагроны
itm_ninja_turban|Синоби Тюрбан
itm_ninja_turban_pl|Синоби Тюрбаны
itm_dustcoat|Пыльник
itm_dustcoat_pl|Пыльники
itm_machuitl|Топор-Фрагмент
itm_machuitl_pl|Топоры-Фрагменты
itm_dustcoatplate|Пыльник с Латной Вставкой
itm_dustcoatplate_pl|Пыльники с Латной Вставкой
itm_deserthandwrap|Пустынный Handwraps
itm_deserthandwrap_pl|Пустынный Handwraps
itm_desert_cleaver|Пустынный Тесак
itm_desert_cleaver_pl|Пустынный Тесаки
itm_desert_glaive|Пустынный Глефа
itm_desert_glaive_pl|Пустынный Глефы
itm_ashland_hat|Ashland Шляпа
itm_ashland_hat_pl|Пепельные Шляпы
itm_cleanwraps|Чистые Обмотки
itm_cleanwraps_pl|Чистые Обмотки
itm_doughboy_hat_flat|Пехота Дзингаса
itm_doughboy_hat_flat_pl|Пехота Дзингаса
itm_cavalry_jingasa|Офицер Дзингаса
itm_cavalry_jingasa_pl|Офицер Дзингаса
itm_chain_mask|Цепной Маска
itm_chain_mask_pl|Цепной Маска
itm_ninja_rags|Ниндзя Тряпьё
itm_ninja_rags_pl|Ниндзя Тряпьё
itm_pendon|Республиканский Banner
itm_pendon_pl|Республиканский Banners
itm_republican_waraji|Республики Таби
itm_republican_waraji_pl|Республики Таби
itm_republic_hakama|Республики Хакама
itm_republic_hakama_pl|Республики Хакамы
itm_infantry_hakama|Мундзо Хакама
itm_infantry_hakama_pl|Мундзо Хакама
itm_munzo_officer|Хаори Республики
itm_munzo_officer_pl|Хаори Республики
itm_republican_desert_cap|Республиканский Кепка
itm_republican_desert_cap_pl|Республиканский Caps
itm_shinobi_bandana|Синоби Бандана
itm_shinobi_bandana_pl|Синоби Bandanas
itm_republic_officer_yabu|Офицер Paper Шляпа
itm_republic_officer_yabu_pl|Бумажные Шляпы Офицера
itm_guardsman_jingasa|Гвардеец Дзингаса
itm_guardsman_jingasa_pl|Дзингасы Гвардейца
itm_kasa_bakufu|Соломенный Каса
itm_kasa_bakufu_pl|Соломенный Каса
itm_viet_hat|Field Шляпа
itm_viet_hat_pl|Field Шляпа
itm_loose_kasa|Loose Каса
itm_loose_kasa_pl|Loose Каса
itm_brune_boots|Коричневый Кожа Сапоги
itm_brune_boots_pl|Коричневый Кожа Сапоги
itm_iron_boots|Железо Сапоги
itm_iron_boots_pl|Железо Сапоги
itm_shek_onnasamurai|Шекский Самурайский Латы
itm_shek_onnasamurai_pl|Шекский Самурайский Латы
itm_scorchboss|Heart Protector и Тряпьё
itm_scorchboss_pl|Heart Protectors и Тряпьё
itm_scorchlander_mohawk|Опалённый Mohawk
itm_scorchlander_mohawk_pl|Опалённый Mohawks
itm_scorchlander_spikedhelm|Опалённый Шипастый Helmet
itm_scorchlander_spikedhelm_pl|Опалённый Шипастый Шлемы
itm_noble_armor|Дворянский Ёрой
itm_noble_armor_pl|Дворянский Ёрой
itm_bandaba|Бандана
itm_bandaba_pl|Банданы
itm_nomad_shoes|Кочевой Ботинки
itm_nomad_shoes_pl|Кочевой Ботинки
itm_wrapped_jipsin|Обмотанный Чипсин
itm_wrapped_jipsin_pl|Обмотанный Чипсин
itm_rags_and_jipsin|Тряпьё и Чипсин
itm_rags_and_jipsin_pl|Тряпьё и Чипсин
itm_footwrap|Обмотанные Стопы
itm_footwrap_pl|Обмотанные Стопы
itm_town_dressyu|Городской Платье
itm_town_dressyu_pl|Городские Платья
itm_okranite_jinmgasa|Огранит Дзингаса
itm_okranite_jinmgasa_pl|Огранит Jingasas
itm_nobuurub|Дворянские Робы
itm_nobuurub_pl|Дворянские Робы
itm_heart_protector_and_chain|Heart Protector и Кольчуга
itm_heart_protector_and_chain_pl|Heart Protectors и Кольчуга
itm_heart_protector_chainrags|Кольчуга и Heart Protector
itm_heart_protector_chainrags_pl|Кольчуга и Heart Protectors
itm_legwrapshoe|Обмотанный Ботинки
itm_legwrapshoe_pl|Обмотанный Ботинки
itm_old_sabreh|Пустынная Сабля
itm_old_sabreh_pl|Пустынный Сабли
itm_sabre_with_pommel|Утяжелённый Сабля
itm_sabre_with_pommel_pl|Утяжелённый Сабли
itm_ringed_sabre|Сабля с Кольцами
itm_ringed_sabre_pl|Сабля с Кольцами
itm_dust_sabre|Пыльный Сабля
itm_dust_sabre_pl|Пыльные Сабли
itm_wooden_naginata|Деревянный Глефа
itm_wooden_naginata_pl|Деревянные Глефы
itm_drifter_turban|Скитальца Тюрбан
itm_drifter_turban_pl|Скитальца Тюрбаны
itm_ninjgurban|Ниндзя Тюрбан
itm_ninjgurban_pl|Ниндзя Тюрбаны
itm_furry_hat|Меховой Шляпа
itm_furry_hat_pl|Меховые Шляпы
itm_ashlandgogg|Штормовые Очки Пепельника
itm_ashlandgogg_pl|Штормовые Очки Пепельника
itm_mughal_kabuto|Железо Кабуто
itm_mughal_kabuto_pl|Железо Кабуто
itm_scrap_helmet|Металлоломный Helmet
itm_scrap_helmet_pl|Металлоломный Шлемы
itm_townoutfit|Городской Обмундирование
itm_townoutfit_pl|Городские Обмундирования
itm_escudo_canibal|Шкура Covered Щит
itm_escudo_canibal_pl|Шкура Covered Щиты
itm_militia_lamellars|Militia Кожа Доспех
itm_militia_lamellars_pl|Militia Кожа Доспехи
itm_point_hat|Шипастый Шляпа
itm_point_hat_pl|Шипастый Шляпы
itm_steel_ninja_gaunties|Сталь Ниндзя Наручи
itm_steel_ninja_gaunties_pl|Сталь Ниндзя Наручи
itm_dailirobe|Кэмпэй Ламелляр Роба
itm_dailirobe_pl|Кэмпэй Ламелляр Робы
itm_state_ninja_hat1|Sakyu Кэмпэй Шляпа
itm_state_ninja_hat1_pl|Sakyu Кэмпэй Шляпа
itm_munzo_claimant|Униформа Терциуса
itm_munzo_claimant_pl|Униформы Терциуса
itm_pegleg|Деревянная Нога
itm_pegleg_pl|Деревянные Ноги
itm_tricorne|Треуголка
itm_tricorne_pl|Треуголки
itm_ninja_tricorne|Теневой Треуголка
itm_ninja_tricorne_pl|Теневые Треуголки
itm_afrosamuraihead|Afro Самурайский Голова
itm_afrosamuraihead_pl|Afro Самурайский Головы
itm_nombawan|Повязка Номер Один
itm_nombawan_pl|Повязка Номер Один
itm_lamellar_furchain|Вождя Доспех
itm_lamellar_furchain_pl|Вождя Доспехи
itm_plumed_ironkab|С Плюмажем Железо Кабуто
itm_plumed_ironkab_pl|С Плюмажем Железо Кабуто
itm_kabutomaskiron|Маскированный Кабуто
itm_kabutomaskiron_pl|Маскированный Кабуто
itm_conscripthelm|Рекрут Helmet
itm_conscripthelm_pl|Шлемы Рекрута
itm_flared_chainmail|Flared Helmet и Кольчуга
itm_flared_chainmail_pl|Flared Шлемы и Кольчуга
itm_shadowturbann|Теневой Тюрбан
itm_shadowturbann_pl|Теневые Тюрбаны
itm_conscript_and_chainm|Рекрут Шлем и Кольчуга
itm_conscript_and_chainm_pl|Рекрут Шлемы и Кольчуга
itm_masked_flaredhe|Расклешённая Цепная Маска
itm_masked_flaredhe_pl|Расклешённые Цепные Маски
itm_pointy_kabutomask|Шипастый Кабуто
itm_pointy_kabutomask_pl|Шипастый Кабуто
itm_sayazn_nun|Латы Куноити
itm_sayazn_nun_pl|Латы Куноити
itm_flared_kabutomask|Flared Кабуто
itm_flared_kabutomask_pl|Flared Кабуто
itm_masked_ironhelmet|Visored Железо Helmet
itm_masked_ironhelmet_pl|Visored Железо Шлемы
itm_mackie_nodachi|Нодати
itm_mackie_nodachi_pl|Нодати
itm_ansatsujin_sword|Клинок Ансацудзин
itm_ansatsujin_sword_pl|Клинки Ансацудзин
itm_shek_heavy_iron|Шекский Сталь Латы
itm_shek_heavy_iron_pl|Шекский Сталь Латы
itm_shek_face_plate|Шекский Faceplate
itm_shek_face_plate_pl|Шекский Faceplates
itm_mercenary_rags|Наёмника Тряпьё
itm_mercenary_rags_pl|Наёмника Тряпьё
itm_police_helmet|Полицейский Шлем
itm_police_helmet_pl|Полицейские Шлемы
itm_police_short|Police Короткий Шлем
itm_police_short_pl|Police Короткий Шлем
itm_policehelmetandmask|Полицейская Налобная Пластина
itm_policehelmetandmask_pl|Полицейские Налобные Пластины
itm_balaclaver|Балаклава
itm_balaclaver_pl|Балаклава
itm_plated_leadars|Латный Кожаная Одежда
itm_plated_leadars_pl|Латный Кожаная Одежда
itm_ronin_chainmail|Ронина Кольчуга
itm_ronin_chainmail_pl|Ронина Chainmails
itm_merc_hauberg|Скитальца Кольчуга
itm_merc_hauberg_pl|Скитальца Chainmails
itm_shekironarmor|Шекский Тяжёлый Латы
itm_shekironarmor_pl|Шекский Тяжёлый Латы
itm_bloodstained_mask|Окровавленный Маска
itm_bloodstained_mask_pl|Окровавленный Маски
itm_sharp_edge|Кромка Тесак
itm_sharp_edge_pl|Тесаки Кромки
itm_barbarian_chopper|Мясоруб
itm_barbarian_chopper_pl|Мясорубы
itm_cannibalhunter_helmet|Каннибальский Охотник Helmet
itm_cannibalhunter_helmet_pl|Каннибальский Охотник Шлемы
itm_scorchladyhead|Опалённый Woman Голова
itm_scorchladyhead_pl|Опалённый Woman Головы
itm_sellsword_helmet|Шлем Наёмника
itm_sellsword_helmet_pl|Шлемы Наёмника
itm_plague_gasmask|Doctor Маска
itm_plague_gasmask_pl|Маски Доктора
itm_jack_kimono|Белый Хакама
itm_jack_kimono_pl|Белый Хакама
itm_jacksyoroi|Jack Странный Ёрой
itm_jacksyoroi_pl|Jack Странный Ёрой
itm_jacks_kabuto|Jack Странный Кабуто
itm_jacks_kabuto_pl|Jack Странный Кабуто
itm_jack_boots|Jack Сапоги
itm_jack_boots_pl|Jack Сапоги
itm_ronin_plate|Ронина Латы Доспех
itm_ronin_plate_pl|Ронина Латы Доспехи
itm_chain_hoodmask|Маскированный Карута Дзукин
itm_chain_hoodmask_pl|Маскированный Карута Дзукин
itm_dustbanditarmor|Металлоломный Цепной и Латы
itm_dustbanditarmor_pl|Металлоломный Цепной и Латы
itm_tech_hunter_goggles|Пустынный Кочевой Очки
itm_tech_hunter_goggles_pl|Пустынный Кочевой Очки
itm_katar_guante_L|Катар
itm_katar_guante_L_pl|Катар
itm_arcabus_criollo_3|Металлоломный Винтовка
itm_arcabus_criollo_3_pl|Металлоломный Винтовки
itm_tech_hunter_robes|Охотник за Технологиями Робы
itm_tech_hunter_robes_pl|Охотник за Технологиями Робы
itm_tech_hunter_balaclava|Охотник за Технологиями Балаклава
itm_tech_hunter_balaclava_pl|Охотник за Технологиями Balaclavas
itm_ironmasked_turban|Железо Маска Тюрбан
itm_ironmasked_turban_pl|Железо Маска Тюрбаны
itm_dune_glaive|Dune Глефа
itm_dune_glaive_pl|Дюнные Глефы
itm_sand_robesplate|Латные Робы
itm_sand_robesplate_pl|Латные Робы
itm_redoranwatchhelm|Песчаный Ниндзя Helmet
itm_redoranwatchhelm_pl|Песчаный Ниндзя Шлемы
itm_medium_sallet_2|Металлоломный Маскированный Helmet
itm_medium_sallet_2_pl|Металлоломный Маскированный Шлемы
itm_ronin_half_armor|Ронина Полу- Доспех
itm_ronin_half_armor_pl|Ронина Полу- Доспехи
itm_tech_hunter_lamellar|Охотник за Технологиями Ламелляр
itm_tech_hunter_lamellar_pl|Охотник за Технологиями Ламелляр
itm_techgasa|Противогаз Дзингаса
itm_techgasa_pl|Противогаз Дзингаса
itm_sugegasadesertpunk|Пустынная Сугэгаса
itm_sugegasadesertpunk_pl|Пустынная Сугэгаса
itm_chongtong|Чхонтон Cannon
itm_chongtong_pl|Чхонтон Cannons
itm_battle_jacket|Боевой Куртка
itm_battle_jacket_pl|Боевые Куртки
itm_demi_gauntlets_L|Железо Наручи
itm_demi_gauntlets_L_pl|Железо Наручи
itm_plate_jacketto|Латы Куртка
itm_plate_jacketto_pl|Латы Куртки
itm_leather_vambrace|Кожа Наручи
itm_leather_vambrace_pl|Кожа Наручи
itm_crab_bandit_helmet|Крабовый Бандитский Helmet
itm_crab_bandit_helmet_pl|Крабовый Бандитский Шлемы
itm_rusty_plate_and_turban|Faceplate и Тюрбан
itm_rusty_plate_and_turban_pl|Налобная Пластина и Тюрбаны
itm_tachi_a|Старый Тати
itm_tachi_a_pl|Старый Tachis
itm_tachi_c|Бродяга Тати
itm_tachi_c_pl|Тати Бродяги
itm_scorchlander_samurai_shouldas|Опалённый Ёрой
itm_scorchlander_samurai_shouldas_pl|Опалённый Ёрой
itm_ridged_mask|Ridged Маска
itm_ridged_mask_pl|Ridged Маска
itm_vagrant_saber|Бродяга Сабля
itm_vagrant_saber_pl|Сабли Бродяги
itm_odachi|Rust Железо Одати
itm_odachi_pl|Rust Железо Одати
itm_scrap_naginata|Металлоломный Нагината
itm_scrap_naginata_pl|Металлоломный Нагинаты
itm_bloddy_trammadao|Кровавый Траммадао
itm_bloddy_trammadao_pl|Кровавые Траммадао
itm_salakota_hat|Salakota Шляпа
itm_salakota_hat_pl|Шляпы Салакота
itm_black_dragon_lamellar|Чёрный Дракон Ламелляр
itm_black_dragon_lamellar_pl|Чёрный Дракон Lamellars
itm_black_dragon_hood|Чёрный Дракон Капюшон
itm_black_dragon_hood_pl|Чёрный Дракон Капюшоны
itm_invisiboru|Невидимые Когти
itm_invisiboru_pl|Невидимые Когти
itm_dune_arrow|Dune Стрелы
itm_dune_arrow_pl|Dune Стрелы
itm_white_eyebrow_robe|Белая Бровь Робы
itm_white_eyebrow_robe_pl|Белая Бровь Робы
itm_white_eyebrow_vest|Белая Бровь Жилет
itm_white_eyebrow_vest_pl|Белая Бровь Жилеты
itm_scorchmanehadana|Опалённый Бандана
itm_scorchmanehadana_pl|Опалённый Bandanas
itm_scorchlander_turbanwhite|Опалённый Белый Тюрбан
itm_scorchlander_turbanwhite_pl|Опалённый Белый Тюрбан
itm_white_eyebrow_nongming|Белая Бровь Nongmin
itm_white_eyebrow_nongming_pl|Белая Бровь Nongmins
itm_yumi_bow|Юми
itm_yumi_bow_pl|Юми
itm_yumi2|Старый Yumi
itm_yumi2_pl|Старый Yumi
itm_shuangtouren|Двойной Клинок
itm_shuangtouren_pl|Двойные Клинки
itm_woman_hunfu|Handcrafted Хуньфу
itm_woman_hunfu_pl|Handcrafted Хуньфу
itm_whiteyebrowladywraps|Белая Бровь Wrappings
itm_whiteyebrowladywraps_pl|Белая Бровь Wrappings
itm_scorchladyturban|Опалённый Пустынный Тюрбан
itm_scorchladyturban_pl|Опалённый Пустынный Тюрбаны
itm_crab_bandit_armor|Крабовый Налётчик Доспех
itm_crab_bandit_armor_pl|Крабовый Налётчик Доспехи
itm_blood_monk_veil|Вуаль Кровавого Монаха
itm_blood_monk_veil_pl|Вуали Кровавого Монаха
itm_blood_monk_robes|Робы Кровавого Монаха
itm_blood_monk_robes_pl|Робы Кровавого Монаха
itm_akai_katana|Багровый Катана
itm_akai_katana_pl|Багровый Катаны
itm_spear_staff|Даку Копьё
itm_spear_staff_pl|Копья Даку
itm_crab_armor_boots|Крабовый Доспех Сапоги
itm_crab_armor_boots_pl|Крабовый Доспех Сапоги
itm_crab_armor_heavy_boots|Тяжёлый Крабовый Сапоги
itm_crab_armor_heavy_boots_pl|Тяжёлый Крабовый Сапоги
itm_reaver_whelprags|Разбойника Whelp Тряпьё
itm_reaver_whelprags_pl|Разбойника Whelp Тряпьё
itm_slavae_rags|Slave Тряпьё
itm_slavae_rags_pl|Slave Тряпьё
itm_cannibal_armor|Каннибальский Доспех
itm_cannibal_armor_pl|Каннибальский Доспехи
itm_chainad_rags|Chained Тряпьё
itm_chainad_rags_pl|Chained Тряпьё
itm_whelp_robe|Разбойника Роба
itm_whelp_robe_pl|Разбойника Робы
itm_reaver_cage_armor|Клетчатый Жилет
itm_reaver_cage_armor_pl|Клетчатые Жилеты
itm_platedwaraji|Латный Варадзи
itm_platedwaraji_pl|Латный Варадзи
itm_reaverheavy|Разбойника Тяжёлый Доспех
itm_reaverheavy_pl|Разбойника Тяжёлый Доспехи
itm_cage_helmeto|Ржавый Клетчатый Helmet
itm_cage_helmeto_pl|Ржавый Клетчатый Шлемы
itm_dacoitiarmor|Дакоит Кожаная Одежда
itm_dacoitiarmor_pl|Дакоит Кожаная Одежда
itm_ebony_meitou|Midnight Мейто
itm_ebony_meitou_pl|Midnight Мейто
itm_black_trench_coat|Чёрный Trench Плащ
itm_black_trench_coat_pl|Чёрный Trench Плащ
itm_bigass_knoife|Тычковый Нож
itm_bigass_knoife_pl|Тычковые Ножи
itm_Spiked_Bat|Шипастый Сватта
itm_Spiked_Bat_pl|Шипастый Сватты
itm_swrags|Dirty Тряпьё
itm_swrags_pl|Dirty Тряпьё
itm_nailed_batmack|Сватта с Nails
itm_nailed_batmack_pl|Сватты с Гвоздями
itm_rustassrespiratoor|Пыльный Респиратор
itm_rustassrespiratoor_pl|Пыльный Respirators
itm_eyepicker|Ковырятель
itm_eyepicker_pl|Ковырятель
itm_cannibal_glaive|Каннибальский Глефа
itm_cannibal_glaive_pl|Каннибальский Глефы
itm_cotton_bud|Ватный Тампон
itm_cotton_bud_pl|Ватные Тампоны
itm_painted_hand|Расписанная Рука
itm_painted_hand_pl|Painted Руки
itm_cannibalhood|Каннибальский Капюшон
itm_cannibalhood_pl|Каннибальский Капюшоны
itm_dacoit_turban1|Дакоит Тюрбан
itm_dacoit_turban1_pl|Дакоит Тюрбаны
itm_medium_leatharmor1|Light Кожа Доспех
itm_medium_leatharmor1_pl|Light Кожа Доспехи
itm_medium_leatharmor2|Medium Кожа Доспех
itm_medium_leatharmor2_pl|Medium Кожа Доспехи
itm_blood_raider_leathers|Blood Налётчик Кожаная Одежда
itm_blood_raider_leathers_pl|Blood Налётчик Кожаная Одежда
itm_meat_hook|Мясо Hook
itm_meat_hook_pl|Мясо Hooks
itm_scrap_choppa|Металлоломный Чоппа
itm_scrap_choppa_pl|Металлоломный Чоппы
itm_crossbow_asia|Грубый Арбалет
itm_crossbow_asia_pl|Грубые Арбалеты
itm_bloodyassspear|Рассекатель
itm_bloodyassspear_pl|Рассекатели
itm_scorchlady_headcloth|Опалённый Головная Ткань
itm_scorchlady_headcloth_pl|Опалённый Headcloths
itm_dacoity_iron_mask|Дакоит Железо Маска
itm_dacoity_iron_mask_pl|Дакоит Железо Маски
itm_old_empire_blade|Древний Клинок
itm_old_empire_blade_pl|Древний Клинки
itm_heavy_rusty_shield|Ржавый Железо Щит
itm_heavy_rusty_shield_pl|Ржавый Железо Щиты
itm_metal_hachigane|Metal Хатиганэ
itm_metal_hachigane_pl|Металлические Хатиганэ
itm_cannibal_spiked_helm|Каннибальский Шипастый Helmet
itm_cannibal_spiked_helm_pl|Каннибальский Шипастый Helmet
itm_ninja_mask|Кожа Маска
itm_ninja_mask_pl|Кожа Маски
itm_scorchturban2|Опалённый Кочевой Тюрбан
itm_scorchturban2_pl|Опалённый Кочевой Тюрбаны
itm_cannibal_scythe|Старый Коса
itm_cannibal_scythe_pl|Старый Scythes
itm_civil_rifle_a|Самодельный Винтовка
itm_civil_rifle_a_pl|Самодельный Винтовки
itm_okranite_metal_gaunt|Огранит Бронированный Наручи
itm_okranite_metal_gaunt_pl|Огранит Бронированный Наручи
itm_scrap_metal_gauntlets|Металлоломный Metal Наручи
itm_scrap_metal_gauntlets_pl|Металлоломный Metal Наручи
itm_cannibal_pointyhelm|Каннибальский Pinhead Helmet
itm_cannibal_pointyhelm_pl|Каннибальский Pinhead Шлемы
itm_knoifer|Кровавый Кинжал
itm_knoifer_pl|Кровавые Кинжалы
itm_scrap_metal_plate_gaunt|Тяжёлый Металлоломный Наручи
itm_scrap_metal_plate_gaunt_pl|Тяжёлый Металлоломный Наручи
itm_meat_lord_helmet|Мясо Lord Helmet
itm_meat_lord_helmet_pl|Мясо Lord Шлемы
itm_vagabond_sabrekat|Клинок Бродяги
itm_vagabond_sabrekat_pl|Клинки Бродяги
itm_choppa_axe|Чоппа Топор
itm_choppa_axe_pl|Чоппа Топоры
itm_serrated_falc|Зазубренный Чоппа
itm_serrated_falc_pl|Зазубренные Чоппы
itm_thicklegwraps|Толстый Leg Wrappings
itm_thicklegwraps_pl|Толстый Leg Wrappings
itm_blackdragonblade|Драконий Синобигатана
itm_blackdragonblade_pl|Драконий Синобигатана
itm_kasa_with_towel|Каса Шляпа с Тряпьё
itm_kasa_with_towel_pl|Каса Шляпа с Тряпьё
itm_dakusecondarmor|Кольчуга Дакоита
itm_dakusecondarmor_pl|Кольчуга Дакоита
itm_dacoitirobe|Робы Дакоита
itm_dacoitirobe_pl|Робы Дакоита
itm_turbanroninasa|Тюрбан и Соломенный Gasa
itm_turbanroninasa_pl|Тюрбан и Соломенный Gasa
itm_ironjan_gasa|Шипастый Металлоломный Каса Шляпа
itm_ironjan_gasa_pl|Шипастый Металлоломный Каса Шляпа
itm_scrap_jingasa|Металлоломный Дзингаса
itm_scrap_jingasa_pl|Металлоломный Дзингаса
itm_ninja_merchant_outfit|Trade Ниндзя Обмундирование
itm_ninja_merchant_outfit_pl|Trade Ниндзя Обмундирование
itm_straw_hiyokeboshi|Соломенная Хиёкэбоси
itm_straw_hiyokeboshi_pl|Соломенные Хиёкэбоси
itm_dusty_hakama|Пыльный Хакама
itm_dusty_hakama_pl|Пыльные Хакамы
itm_noble_hakama|Дворянский Хакама
itm_noble_hakama_pl|Дворянский Хакамы
itm_moon_cleaver|Moon Тесак
itm_moon_cleaver_pl|Лунные Тесаки
itm_bandit_bogu|Бандитский Богу
itm_bandit_bogu_pl|Бандитский Богу
itm_bandit_bogu_scorchland|Опалённый Бандитский Богу
itm_bandit_bogu_scorchland_pl|Chlander Бандитский Bogus
itm_rusty_momonari_kabuto|Ржавый Момонари Кабуто
itm_rusty_momonari_kabuto_pl|Предметы
itm_postap_men|Грубый Men Helmet
itm_postap_men_pl|Грубые Шлемы
itm_banditboguhakama|Бандитский Богу и Хакама
itm_banditboguhakama_pl|Бандитский Богу и Хакама
itm_onnabushi_bogu|Бандитский Богу и Хакама (F)
itm_onnabushi_bogu_pl|Бандитский Богу и Хакама (F)
itm_chain_kote_suit|Kusari Катабира и Плащ
itm_chain_kote_suit_pl|Кусари Катабира и Плащи
itm_mail_kusari_hachigane|Kusari Хатиганэ
itm_mail_kusari_hachigane_pl|Кусари Хатиганэ
itm_female_leather_armor|Женский Кожа Обмундирование
itm_female_leather_armor_pl|Женский Кожа Outfits
itm_mugenjawrap|Сюгэндзя Головная Повязка
itm_mugenjawrap_pl|Головные Повязки Сюгэндзя
itm_blademaster_chainmail|Кольчуга Мастера Клинка
itm_blademaster_chainmail_pl|Кольчуга Мастера Клинка
itm_caomaogooglesphilie|Цаомао Шляпа и Очки
itm_caomaogooglesphilie_pl|Цаомао Шляпа и Очки
itm_cannibal_meatlord_armor|Мясо Lord Доспех
itm_cannibal_meatlord_armor_pl|Мясо Lord Доспехи
itm_guanyu|Гуань
itm_guanyu_pl|Гуань
itm_bamboo_pamashield|Bamboo Пама
itm_bamboo_pamashield_pl|Bamboo Пама
itm_scrap_jingasa_and_chain_coif|Дзингаса и Кольчуга Coif
itm_scrap_jingasa_and_chain_coif_pl|Jingasas и Кольчуга Coifs
itm_blunderhandgun|Бландербасс
itm_blunderhandgun_pl|Бландербасс
itm_rusted_kama|Проржавевший Kama
itm_rusted_kama_pl|Проржавевший Kamas
itm_silver_zhangdao|Серебряный Zhangdao
itm_silver_zhangdao_pl|Серебряный Zhangdaos
itm_chu_ko_nu|Чу Ко Ну
itm_chu_ko_nu_pl|Чу Ко Ну
itm_nagamaki|Проржавевший Нагамаки
itm_nagamaki_pl|Проржавевший Nagamakis
itm_scrap_kabuto|Кабуто Противогаз
itm_scrap_kabuto_pl|Кабуто Противогаз
itm_cult_cage_hood|Клетчатый Капюшон
itm_cult_cage_hood_pl|Клетчатый Капюшон
itm_raggedy_robes|Мешковатые Робы
itm_raggedy_robes_pl|Мешковатые Робы
itm_raggedy_hood|Ragged Капюшон
itm_raggedy_hood_pl|Рваные Капюшоны
itm_bastardgasa|Ронингаса
itm_bastardgasa_pl|Ронингаса
itm_assasin_sica|Ассасина Sica
itm_assasin_sica_pl|Ассасина Sicas
itm_mugenja_lamellar|Сюгэндзя Ламелляр Доспех
itm_mugenja_lamellar_pl|Сюгэндзя Ламелляр Доспехи
itm_warajiumbrella|Варадзи и Parasol
itm_warajiumbrella_pl|Варадзи и Parasols
itm_zhanmabardiche|Тяжёлый Конная Секира
itm_zhanmabardiche_pl|Тяжёлый Конные Секиры
itm_veiled_gasa|Завуалированная Сугэгаса
itm_veiled_gasa_pl|Завуалированная Сугэгаса
itm_tetsu_toppaijingasa|Tetsu Топпай Дзингаса
itm_tetsu_toppaijingasa_pl|Tetsu Топпай Дзингаса
itm_changpao|Чанпао
itm_changpao_pl|Чанпао
itm_guild_haori|Мастер Гильдии Хаори
itm_guild_haori_pl|Хаори Мастера Гильдии
itm_getaumbrella|Гэта и Parasol
itm_getaumbrella_pl|Гэта и Parasol
itm_brown_geta_sandals|Гэта Сандалии
itm_brown_geta_sandals_pl|Гэта Сандалии
itm_afrosamurai_haori|Afro Самурайский Хаори
itm_afrosamurai_haori_pl|Afro Самурайский Haoris
itm_paisanooutfit|Батрак Обмундирование
itm_paisanooutfit_pl|Обмундирования Батрака
itm_wickercaomao|Плетёный Цаомао
itm_wickercaomao_pl|Плетёный Caomaos
itm_straw_qigai|Сарук Шляпа
itm_straw_qigai_pl|Шляпы Сарук
itm_xiake|Завуалированный Сякэ
itm_xiake_pl|Завуалированный Сякэ
itm_wrappedgetabrella|Обмотанный Гэта и Parasol
itm_wrappedgetabrella_pl|Обмотанный Гэта и Parasol
itm_footwraps_and_geta|Footwraps и Гэта
itm_footwraps_and_geta_pl|Footwraps и Гэта
itm_hidden_spear|Мятежный Копьё
itm_hidden_spear_pl|Мятежный Копья
itm_traders_guild_banner|Знамя Гильдии Торговцев
itm_traders_guild_banner_pl|Знамёна Гильдии Торговцев
itm_heavy_steel_jingasa|Тяжёлый Сталь Дзингаса
itm_heavy_steel_jingasa_pl|Тяжёлый Сталь Jingasas
itm_holyseal|Святая Печать
itm_holyseal_pl|Святой Seals
itm_leather_jerkin(F)|Кожа Jerkin(F)
itm_leather_jerkin(F)_pl|Кожа Jerkins(F)
itm_visored_spikehelm|Visored Железо Helmet
itm_visored_spikehelm_pl|Visored Железо Шлемы
itm_leather_tabard|Кожа Табард
itm_leather_tabard_pl|Кожа Tabards
itm_kendoka_lord|Вождя Богу
itm_kendoka_lord_pl|Вождя Богу
itm_tribal_shirt|Кочевой Рубаха
itm_tribal_shirt_pl|Кочевой Рубахи
itm_kunomediumarmor|Кожа и Кольчуга Доспех(F)
itm_kunomediumarmor_pl|Кожа и Кольчуга Доспехи(F)
itm_outlaw_helmet|Отщепенец Helmet
itm_outlaw_helmet_pl|Шлемы Отщепенца
itm_hiverhead|Улья Голова
itm_hiverhead_pl|Улья Головы
itm_okranite_dusta|Огранит Duster
itm_okranite_dusta_pl|Огранит Dusters
itm_manco_hand|Одна Рука
itm_manco_hand_pl|Одна Рука
itm_hunter_armor|Охотник Кожа Доспех
itm_hunter_armor_pl|Охотник Кожа Доспехи
itm_desert_villagedress|Кочевой Платье
itm_desert_villagedress_pl|Кочевой Платья
itm_sack_hood|Sack Капюшон
itm_sack_hood_pl|Мешковатые Капюшоны
itm_roadyoroi|Самодельный Ёрой
itm_roadyoroi_pl|Самодельный Yorois
itm_armoredmouthpiece|Бронированный Mouth Латы
itm_armoredmouthpiece_pl|Бронированные Ротовые Пластины
itm_gladiator_bindings|Ржавый Доспех и Bindings
itm_gladiator_bindings_pl|Ржавый Доспехи и Bindings
itm_egungunrobe|Робы Эгунгун
itm_egungunrobe_pl|Робы Эгунгун
itm_scrap_yoroi|Металлоломный Ёрой
itm_scrap_yoroi_pl|Металлоломный Ёрой
itm_dunewalk_goggles|Sandstorm Очки
itm_dunewalk_goggles_pl|Sandstorm Очки
itm_slaver_helm|Работорговец Helmet
itm_slaver_helm_pl|Работорговец Helmet
itm_holyman_hat|Сугэгаса и Офуда
itm_holyman_hat_pl|Сугэгасы и Офуды
itm_slaver_caged_helmet|Работорговец Caged Helmet
itm_slaver_caged_helmet_pl|Работорговец Caged Helmet
itm_makeshift_suneate|Самодельный Сунэатэ
itm_makeshift_suneate_pl|Самодельный Сунэатэ
itm_shielded_katar|Усиленный Катар
itm_shielded_katar_pl|Усиленные Катары
itm_white_katana|Белый Катана
itm_white_katana_pl|Белый Катаны
itm_rogue_wakizashi|Силовик Вакидзаси
itm_rogue_wakizashi_pl|Вакидзаси Силовика
itm_goudao|Гоудао
itm_goudao_pl|Гоудао
itm_akaviri_katana|Dai-Катана
itm_akaviri_katana_pl|Дай-Катаны
itm_toothpick_crossbow|Арбалет-Зубочистка
itm_toothpick_crossbow_pl|Арбалеты-Зубочистки
itm_mongrel_blade|Клинок Полукровки
itm_mongrel_blade_pl|Клинки Полукровки
itm_fanyanling_gasmask|Fanyangling и Противогаз
itm_fanyanling_gasmask_pl|Фаньянлин и Противогазы
itm_wooden_mudao|Мудао
itm_wooden_mudao_pl|Мудао
itm_serrated_great_sword|Зазубренный Great Меч
itm_serrated_great_sword_pl|Зазубренные Большие Мечи
itm_raider_cleaver|Налётчик Тесак
itm_raider_cleaver_pl|Тесаки Налётчика
itm_nomad_sabre|Кочевой Сабля
itm_nomad_sabre_pl|Кочевой Сабли
itm_bloodthirsty_arrow|Кровожадная Стрела
itm_bloodthirsty_arrow_pl|Кровожадный Стрелы
itm_postap_kote|Металлоломный Котэ
itm_postap_kote_pl|Металлоломный Котэ
itm_long_naginata|Long Нагината
itm_long_naginata_pl|Длинные Нагинаты
itm_long_sickle|Kama Копьё
itm_long_sickle_pl|Копья-Кама
itm_farmer_kama|Кама Фермера
itm_farmer_kama_pl|Камы Фермеров
itm_heavy_copper_pipe|Тяжёлый Медь Трубчатый
itm_heavy_copper_pipe_pl|Тяжёлый Медь Pipes
itm_slaver_pith|С Плюмажем Pith Helmet
itm_slaver_pith_pl|Пробковые Шлемы с Плюмажем
itm_Ming_qiang|Няо Чун
itm_Ming_qiang_pl|Няо Чун
itm_waistcoatdress|Платье и Кожа Жилет
itm_waistcoatdress_pl|Платья и Кожа Жилеты
itm_cruel_blade|Жестокий Клинок
itm_cruel_blade_pl|Жестокие Клинки
itm_felt_dress|Felt Платье
itm_felt_dress_pl|Войлочные Платья
itm_swamper_gas_mask|Swamper Противогаз
itm_swamper_gas_mask_pl|Противогазы Болотника
itm_swamper_gas_mask2|Swamper Противогаз
itm_swamper_gas_mask2_pl|Противогазы Болотника
itm_dusty_black_coat|Пыльный Чёрный Плащ
itm_dusty_black_coat_pl|Пыльный Чёрный Плащи
itm_slaverarmor|Работорговец Железо Доспех
itm_slaverarmor_pl|Работорговец Железо Доспехи
itm_slaverplate|Работорговец Латы
itm_slaverplate_pl|Латы Работорговца
itm_tribal_arrows|Племенной Стрелы
itm_tribal_arrows_pl|Племенной Стрелы
itm_katana_twinblade|Катана Twinblade
itm_katana_twinblade_pl|Катана Twinblades
itm_axeman_sandal|Кожа Slipper
itm_axeman_sandal_pl|Кожа Slippers
itm_renzhual|Кость Claws
itm_renzhual_pl|Кость Claws
itm_danyan_huochong|Бумстик
itm_danyan_huochong_pl|Бумстики
itm_enforcer_blade|Клинок Силовика
itm_enforcer_blade_pl|Клинки Силовика
itm_UC_gusoku_ashigaru|Рекрут Гусоку
itm_UC_gusoku_ashigaru_pl|Гусоку Рекрута
itm_shadow_kasa|Теневой Каса
itm_shadow_kasa_pl|Теневой Каса
itm_ashlander_kasa|Пепельник Каса
itm_ashlander_kasa_pl|Пепельник Каса
itm_okranite_coat|Огранит Плащ
itm_okranite_coat_pl|Огранит Плащи
itm_black_kasa|Чёрный Каса
itm_black_kasa_pl|Чёрный Каса
itm_brown_duster|Коричневый Duster
itm_brown_duster_pl|Коричневый Duster
itm_welder_mask|Железо Латы Маска
itm_welder_mask_pl|Железо Латы Маски
itm_siamese_glaive|Потрошитель
itm_siamese_glaive_pl|Потрошители
itm_ultra_greatsword|Ultra Greatsword Мейто
itm_ultra_greatsword_pl|Ultra Greatsword Мейто
itm_armored_hakama|Усиленный Хаори
itm_armored_hakama_pl|Усиленные Хаори
itm_shek_guardian|Паноплия Сотни Стражей
itm_shek_guardian_pl|Паноплия Сотни Стражей
itm_shek_guardian_boots|Hundred Guardian Сапоги
itm_shek_guardian_boots_pl|Hundred Guardian Сапоги
itm_shek_leather_armor|Шекский Тяжёлый Кожа
itm_shek_leather_armor_pl|Шекский Тяжёлый Кожаная Одежда
itm_machinst_budenovka_gas|Budenovka и Противогаз
itm_machinst_budenovka_gas_pl|Budenovka и Противогаз
itm_machinist_robe|Механик Роба
itm_machinist_robe_pl|Робы Механика
itm_cultist_hieropriest|Облачение Иеросвященника
itm_cultist_hieropriest_pl|Облачения Иеросвященников
itm_desert_bandana|Отщепенец Бандана
itm_desert_bandana_pl|Банданы Отщепенца
itm_cultist_hood|Лик Верного
itm_cultist_hood_pl|Лики Верных
itm_cultist_hood2|Лик Кающегося
itm_cultist_hood2_pl|Лик Кающегося
itm_demonistarmor|Лунный Страж Паноплия
itm_demonistarmor_pl|Паноплии Лунного Стража
itm_shinobicitizenfem|Цепная Юката
itm_shinobicitizenfem_pl|Цепные Юкаты
itm_bamboo_spearu|Самодельный Bamboo Копьё
itm_bamboo_spearu_pl|Самодельный Bamboo Копья
itm_heavy_plank|Тяжёлый Планк
itm_heavy_plank_pl|Тяжёлый Planks
itm_arashiniohelm|Араси Нио Шлем
itm_arashiniohelm_pl|Араси Нио Шлемы
itm_arashinio_soygent|Араси Нио Ёрой
itm_arashinio_soygent_pl|Араси Нио Ёрой
itm_arashi_nio_chain|Араси Нио Гусоку
itm_arashi_nio_chain_pl|Араси Нио Гусоку
itm_sturm_boots|Pale Кожа Сапоги
itm_sturm_boots_pl|Pale Кожа Сапоги
itm_lamellar_boots|Ламелляр и Цепной Сапоги
itm_lamellar_boots_pl|Ламелляр и Цепной Сапоги
itm_arashiniohelm2|Араси Нио Helmet
itm_arashiniohelm2_pl|Араси Нио Helmet
itm_arashi_arrows|Араси Стрелы
itm_arashi_arrows_pl|Араси Стрелы
itm_arashi_trooper|Араси Trooper Кабуто
itm_arashi_trooper_pl|Араси Trooper Кабуто
itm_arashi_noble_armor|Араси Элитный Мунэатэ
itm_arashi_noble_armor_pl|Араси Элитный Мунэатэ
itm_arashi_kote|Араси Котэ
itm_arashi_kote_pl|Араси Котэ
itm_suneate3|Араси Сунэатэ
itm_suneate3_pl|Араси Сунэатэ
itm_corsair_bow|Араси Yumi
itm_corsair_bow_pl|Араси Yumis
itm_gibson_hovercraft|Пыльный Хикоки
itm_gibson_hovercraft_pl|Пыльный Hikokis
itm_empiremusket|Тип-E Джеззайль
itm_empiremusket_pl|Джеззайли Типа-E
itm_arashi_trooperarmor|Араси Нио Цепной Ёрой
itm_arashi_trooperarmor_pl|Предметы
itm_standard_saber|Штатный Сабля
itm_standard_saber_pl|Штатные Сабли
itm_iron_war_spear|Железо Яри
itm_iron_war_spear_pl|Железо Yaris
itm_hafted_naginata|Hafted Нагината
itm_hafted_naginata_pl|Нагинаты на Древке
itm_veloblack|Вуаль Дворянки
itm_veloblack_pl|Вуали Дворянок
itm_heavy_breastplate|Тяжёлый Нагрудник
itm_heavy_breastplate_pl|Тяжёлый Нагрудник
itm_shogunate_do|Сёгунатский Пехота Do
itm_shogunate_do_pl|Сёгунатский Пехота Do
itm_shogunate_kosane|Сёгунатский Kosane Do
itm_shogunate_kosane_pl|Сёгунатский Kosane Do
itm_shogunate_kozanegus|Сёгунатский Kozane Гусоку
itm_shogunate_kozanegus_pl|Сёгунатский Kozane Гусоку
itm_kote_handwrap|Bindings и Котэ
itm_kote_handwrap_pl|Bindings и Котэ
itm_ronin_suneate|Ронина Сунэатэ
itm_ronin_suneate_pl|Ронина Сунэатэ
itm_villager_outfito|Villager Обмундирование
itm_villager_outfito_pl|Villager Обмундирование
itm_skele_katana|Model # Мк II Катана
itm_skele_katana_pl|Model # Мк II Катаны
itm_veteran_katana|Модель №3 Катун Катана
itm_veteran_katana_pl|Модель №3 Катун Катаны
itm_catun01_katana|Модель №1 Катун Катана
itm_catun01_katana_pl|Модель №1 Катун Катаны
itm_black_katana|[Model # Мк III Катана
itm_black_katana_pl|[Model # Мк III Катаны
itm_lizardskin_katana|Lizardskin Катана
itm_lizardskin_katana_pl|Катаны из Ящеричной Кожи
itm_ansatsu_waki|Ансацудзин Вакидзаси
itm_ansatsu_waki_pl|Ансацудзин Вакидзаси
itm_golden_meitou_katana|Модель AU Мейто Катана
itm_golden_meitou_katana_pl|Модель AU Мейто Катаны
itm_outlaw_sack_hood|Отщепенец Капюшон
itm_outlaw_sack_hood_pl|Капюшоны Отщепенца
itm_wrench_club|Wrench Дубина
itm_wrench_club_pl|Гаечные Дубины
itm_mangutter|Кишкожёр
itm_mangutter_pl|Кишкожёры
itm_ringed_spear|Ringed Копьё
itm_ringed_spear_pl|Копья с Кольцами
itm_savage_blade|Дикий Клинок
itm_savage_blade_pl|Дикие Клинки
itm_ashen_visor|Пепельный Visor Шлем
itm_ashen_visor_pl|Пепельные Шлемы-Забрала
itm_sandstrider_leathers|Sandstrider Сапоги
itm_sandstrider_leathers_pl|Sandstrider Сапоги
itm_flotsamhakama|Флотсама Хакама
itm_flotsamhakama_pl|Флотсама Хакама
itm_shinobikabuto|Синоби Кабуто
itm_shinobikabuto_pl|Синоби Кабуто
itm_kunoichihakama|Kuroi Хакама
itm_kunoichihakama_pl|Kuroi Хакама
itm_leper_glove|Бинты Рук Прокажённого
itm_leper_glove_pl|Бинты Рук Прокажённого
itm_clan_robes|Клановый Робы
itm_clan_robes_pl|Клановый Робы
itm_prophet_hood|Okoso Дзукин
itm_prophet_hood_pl|Okoso Дзукин
itm_holytats|Робы Святого Человека
itm_holytats_pl|Робы Святого Человека
itm_leper_binding_armor|Бинты Прокажённого
itm_leper_binding_armor_pl|Бинты Прокажённого
itm_makeshift_leather_boots|Самодельный Кожа Сапоги
itm_makeshift_leather_boots_pl|Самодельный Кожа Сапоги
itm_cannibal_mask|Каннибальский Маска
itm_cannibal_mask_pl|Каннибальский Маска
itm_flotsam_mail_and_plate|Кусари и До
itm_flotsam_mail_and_plate_pl|Кусари и До
itm_woodenpipa|Деревянная Труба
itm_woodenpipa_pl|Деревянные Трубы
itm_makeshift_blade|Самодельный Клинок
itm_makeshift_blade_pl|Самодельный Клинок
itm_drifter_hood|Песчаный Ходок Капюшон
itm_drifter_hood_pl|Капюшоны Песчаного Ходока
itm_enforcer_suneate|Силовик Сунэатэ
itm_enforcer_suneate_pl|Силовик Сунэатэ
itm_noble_boots|Дворянские Сапоги
itm_noble_boots_pl|Дворянские Сапоги
itm_noble_shoes|Дворянский Suede Ботинки
itm_noble_shoes_pl|Дворянский Suede Ботинки
itm_onna_bugeisha|Тяжёлый Имперский Ёрой(F)
itm_onna_bugeisha_pl|Тяжёлый Имперский Ёрой(F)
itm_onnabu|Onna Bugeisha Ёрой
itm_onnabu_pl|Onna Bugeisha Ёрой
itm_crude_spear|Грубый Копьё
itm_crude_spear_pl|Грубые Копья
itm_shinobi_kote|Синоби Котэ
itm_shinobi_kote_pl|Синоби Котэ
itm_kralfang|Крал's Fang
itm_kralfang_pl|Крал's Fangs
itm_martial_bindin|Бинты Мастера Боевых Искусств
itm_martial_bindin_pl|Бинты Мастера Боевых Искусств
itm_shinobi_bind|Синоби Bindings
itm_shinobi_bind_pl|Синоби Bindings
itm_iron_kanabou_spik|Железо Шипастый Kanabou
itm_iron_kanabou_spik_pl|Железо Шипастый Kanabou
itm_makeshift_slasher|Самодельный Трубчатый Slasher
itm_makeshift_slasher_pl|Самодельный Трубчатый Slashers
itm_helmetoshek|Шекский Боевой Helmet
itm_helmetoshek_pl|Шекский Боевой Шлемы
itm_pig_iron_gloves|Перчатки-Латы
itm_pig_iron_gloves_pl|Перчатки-Латы
itm_hornless_shek_helm|Band  Bones Шлем
itm_hornless_shek_helm_pl|Шлемы Банды Костей
itm_orange_bandana|Оранжевый Бандана
itm_orange_bandana_pl|Оранжевый Бандана
itm_female_leather_jacket|Скитальца Кожа Куртка(F)
itm_female_leather_jacket_pl|Скитальца Кожа Куртки(F)
itm_cultist_sack|Cultist Sack Капюшон
itm_cultist_sack_pl|Cultist Sack Капюшон
itm_faith_robes|Робы Верного
itm_faith_robes_pl|Робы Верного
itm_rebel_vesto|Крестьянин Ламелляр Доспех
itm_rebel_vesto_pl|Крестьянин Ламелляр Доспехи
itm_rebel_lamellar_gear|Provincial Ламелляр Доспех
itm_rebel_lamellar_gear_pl|Provincial Ламелляр Доспехи
itm_shogun_momo|Сёгунский Момонари Кабуто
itm_shogun_momo_pl|Сёгунский Момонари Кабуто
itm_gambeson_postap|Patchwork Гамбезон
itm_gambeson_postap_pl|Patchwork Гамбезон
itm_turban_straw|Тюрбан и Ротанг Шляпа
itm_turban_straw_pl|Тюрбаны и Ротанг Шляпы
itm_skinbandit_head|Кожаный Бандит Голова
itm_skinbandit_head_pl|Кожаный Бандит Головы
itm_binbou_katana|Модель №1 Хань Катана
itm_binbou_katana_pl|Модель №1 Хань Катаны
itm_oldassr_katana|Выдержанный Катана
itm_oldassr_katana_pl|Выдержанный Катаны
itm_empire_katana|Имперский Катана
itm_empire_katana_pl|Имперский Катаны
itm_kuroiryu_nodachi|Чёрный Дракон Нодати
itm_kuroiryu_nodachi_pl|Чёрный Дракон Нодати
itm_roninb_nodachi|Модель №4 Катун Нодати
itm_roninb_nodachi_pl|Модель №4 Катун Нодати
itm_empire_waki|Имперский Вакидзаси
itm_empire_waki_pl|Имперский Вакидзаси
itm_ronin_waki|Ронина Вакидзаси
itm_ronin_waki_pl|Ронина Вакидзаси
itm_MkII_Nodachi|Model # Мк II Нодати
itm_MkII_Nodachi_pl|Model # Мк II Нодати
itm_akazonae_yoroi|Акадзонаэ Ёрой
itm_akazonae_yoroi_pl|Акадзонаэ Ёрой
itm_hiver_rags|Улья Тряпичная Юбка
itm_hiver_rags_pl|Улья Тряпичные Юбки
itm_hiver_legs|Улья Ноги
itm_hiver_legs_pl|Улья Ноги
itm_hiver_hands|Улья Руки
itm_hiver_hands_pl|Улья Руки
itm_suneate_akai|Акадзонаэ Сунэатэ
itm_suneate_akai_pl|Акадзонаэ Сунэатэ
itm_akazonae_tekko|Акадзонаэ Тэккоу
itm_akazonae_tekko_pl|Акадзонаэ Тэккоу
itm_outlaw_pig_iron_helm|Отщепенец Pig Железо Шлем
itm_outlaw_pig_iron_helm_pl|Отщепенец Pig Железо Шлемы
itm_pipe_helmet|Трубчатый Helmet
itm_pipe_helmet_pl|Трубчатые Шлемы
itm_skeleton_legs|Скелета Ноги MKII
itm_skeleton_legs_pl|Скелета Ноги MKII
itm_pirate_rifle|Пиратский Фитильный Винтовка
itm_pirate_rifle_pl|Пиратские Фитильные Винтовки
itm_tusken_headwrap|Глубокий Пустынный Респиратор
itm_tusken_headwrap_pl|Глубокий Пустынный Respirators
itm_impaler_gas_mask|Кол Helmet
itm_impaler_gas_mask_pl|Шлемы-Колы
itm_drifter_leather_jacket|Скитальца Кожа Куртка
itm_drifter_leather_jacket_pl|Скитальца Кожа Куртки
itm_trader_leather_jacket|Trader Кожа Куртка
itm_trader_leather_jacket_pl|Trader Кожа Куртки
itm_skeleton_bodee2|Скелета Каркас MKII
itm_skeleton_bodee2_pl|Скелета Каркас MKII
itm_longdao|Тяжёлый Дао
itm_longdao_pl|Тяжёлый Дао
itm_weedian_robes|Ганджауид Роба
itm_weedian_robes_pl|Робы Ганджауида
itm_scoped_jezail|Джеззайль с Прицелом
itm_scoped_jezail_pl|Джеззайли с Прицелом
itm_vodoo_needles|Метательные Гвозди
itm_vodoo_needles_pl|Метательные Гвозди
itm_mugenja_heavy_lamellar|Сюгэндзя Тяжёлый Ламелляр
itm_mugenja_heavy_lamellar_pl|Сюгэндзя Тяжёлый Ламелляр
itm_blind_hood|Слепой Капюшон
itm_blind_hood_pl|Капюшоны Слепца
itm_crescent_moon_knife|Серповидный Жнец
itm_crescent_moon_knife_pl|Серповидные Жнецы
itm_city_girl_outfit|Матерчатый Обмундирование(F)
itm_city_girl_outfit_pl|Матерчатые Обмундирования(Ж)
itm_samurai_waki|Модель №7 Катун Вакидзаси
itm_samurai_waki_pl|Модель №7 Катун Вакидзаси
itm_drifta_katana|Модель №2 Катун Катана
itm_drifta_katana_pl|Модель №2 Катун Катаны
itm_noble_mongol_coat|Дворянский Fur Плащ
itm_noble_mongol_coat_pl|Дворянский Fur Плащи
itm_monocle|Монокль
itm_monocle_pl|Монокли
itm_republic_gunto|Штатный Гунто Республики
itm_republic_gunto_pl|Штатный Гунто Республики
itm_advanced_gas_mask|Улучшенный Противогаз
itm_advanced_gas_mask_pl|Улучшенные Противогазы
itm_leather_umsim|Кожа Umsim
itm_leather_umsim_pl|Кожа Umsim
itm_female_shek_head2|Шекский Женский Голова
itm_female_shek_head2_pl|Шекский Женский Голова
itm_shek_femhead_blk|Шекский Woman Голова
itm_shek_femhead_blk_pl|Шекский Woman Головы
itm_bandit_knife|Бандитский Нож
itm_bandit_knife_pl|Бандитский Ножи
itm_shogunate_red_jingasa|Сёгунатский Красный Дзингаса
itm_shogunate_red_jingasa_pl|Сёгунатский Красный Дзингаса
itm_flaying_blade|Свежеватель
itm_flaying_blade_pl|Свежеватели
itm_norimitsu_nodachi|Иссечённый Одати
itm_norimitsu_nodachi_pl|Иссечённые Одати
itm_iron_stud_kanabou|Железо Шипованный Kanabou
itm_iron_stud_kanabou_pl|Предметы
itm_ringed_blade|Ringed Утяжелённый Клинок
itm_ringed_blade_pl|Ringed Утяжелённый Клинок
itm_crowd_chopper|Толпорез
itm_crowd_chopper_pl|Толпорезы
itm_hafted_glaive|С Длинным Древком Глефа
itm_hafted_glaive_pl|Глефы на Длинном Древке
itm_black_nagamaki|Скитальца Нагамаки
itm_black_nagamaki_pl|Скитальца Nagamakis
itm_ronin_naginata|Ронина Нагината
itm_ronin_naginata_pl|Ронина Нагинаты
itm_weighted_naginata|Утяжелённый Железо Нагината
itm_weighted_naginata_pl|Утяжелённый Железо Нагинаты
itm_jumonji_yari|Jumonji Яри
itm_jumonji_yari_pl|Jumonji Яри
itm_pig_iron_pike|Pig Железо Пика
itm_pig_iron_pike_pl|Pig Железо Пики
itm_guts_plank|Кишки-Smasher Планк
itm_guts_plank_pl|Планки-Кишкодробители
itm_horse_chopperusty|Ржавый Конная Секира
itm_horse_chopperusty_pl|Ржавый Конные Секиры
itm_dragon_cannon|Драконий Cannon
itm_dragon_cannon_pl|Драконий Cannons
itm_iron_jitte|Железо Дзиттэ
itm_iron_jitte_pl|Железо Дзиттэ
itm_dusty_old_trenchcoat|Пыльный Старый Trenchcoat
itm_dusty_old_trenchcoat_pl|Пыльный Старый Trenchcoats
itm_kunoichi_chainrobe|Цепная Роба Куноити
itm_kunoichi_chainrobe_pl|Цепные Робы Куноити
itm_transparent_hand|Прозрачная Рука
itm_transparent_hand_pl|Transparent Руки
itm_shogun_katana|Kurokiri Мейто
itm_shogun_katana_pl|Kurokiri Мейто
itm_ground_cannabis|Молотая Конопля
itm_ground_cannabis_pl|Молотая Конопля
itm_ornate_hunfu|Artisanal Хуньфу
itm_ornate_hunfu_pl|Artisanal Хуньфу
itm_skeleton_jingasa|Скелета Дзингаса и Плащ
itm_skeleton_jingasa_pl|Скелета Дзингаса и Cloaks
itm_skeleton_heavy_frame|Древний P4 Каркас
itm_skeleton_heavy_frame_pl|Древний P4 Каркасы
itm_skin_bandit_artificer|Голова-Забрало Кожаного Бандита
itm_skin_bandit_artificer_pl|Головы-Забрала Кожаного Бандита
itm_ancient_glaive|Древний Глефа
itm_ancient_glaive_pl|Древний Глефы
itm_ancient_naginata|Древний Нагината
itm_ancient_naginata_pl|Древний Нагинаты
itm_reinforced_leathaer_black|Усиленный Чёрный Кожа Сапоги
itm_reinforced_leathaer_black_pl|Усиленный Чёрный Кожа Сапоги
itm_hungry_slasher|Кровавый Рассекатель
itm_hungry_slasher_pl|Кровавые Рассекатели
itm_white_lamellar_armor|Medium Ламелляр Доспех
itm_white_lamellar_armor_pl|Medium Ламелляр Доспехи
itm_xuejie|Крестьянин Платье и Long Жилет
itm_xuejie_pl|Крестьянин Платье и Long Жилет
itm_ronin_makeshift_gusoku|Самодельный Гусоку
itm_ronin_makeshift_gusoku_pl|Самодельный Гусоку
itm_ogjingasa|Stained Каса
itm_ogjingasa_pl|Stained Каса
itm_bandit_raggu|Старый Тряпьё
itm_bandit_raggu_pl|Старый Тряпьё
itm_drifter_ledervest|Кожа Жилет и Backpack
itm_drifter_ledervest_pl|Кожа Жилеты и Backpacks
itm_ronin_lamellar|Ронина Ламелляр Доспех
itm_ronin_lamellar_pl|Ронина Ламелляр Доспехи
itm_bandofbonesarmor|Крал Железо Латы
itm_bandofbonesarmor_pl|Крал Железо Латы
itm_peasant_humbregi|Скромный Шухэ
itm_peasant_humbregi_pl|Скромный Шухэ
itm_peasant_shuhe|Крестьянский Шухэ
itm_peasant_shuhe_pl|Крестьянский Шухэ
itm_bloody_turban|Окровавленный Тюрбан
itm_bloody_turban_pl|Окровавленный Тюрбаны
itm_iron_flat_top|Шлем-Башня
itm_iron_flat_top_pl|Шлемы-Башни
itm_iron_flat_toprag|Шлем-Башня
itm_iron_flat_toprag_pl|Шлемы-Башни
itm_ronin_trashplate|Бандитский Ёрой
itm_ronin_trashplate_pl|Бандитский Ёрой
itm_scrapyard_chainmail|Тяжёлый Металлоломный Хауберк
itm_scrapyard_chainmail_pl|Тяжёлый Металлоломный Хауберк
itm_homemade_bandana|Завязанный Бандана
itm_homemade_bandana_pl|Завязанные Банданы
itm_mercantile_robes|Пустынный Merchant Робы
itm_mercantile_robes_pl|Пустынный Merchant Робы
itm_shogun_yoroi|Kuro Араси
itm_shogun_yoroi_pl|Kuro Араси
itm_martial_artist_robes|Робы Мастера Боевых Искусств
itm_martial_artist_robes_pl|Робы Мастера Боевых Искусств
itm_ancient_suneate|Древний Сунэатэ
itm_ancient_suneate_pl|Древний Сунэатэ
itm_terracotta_skeleton|Terracotta Скелета Голова
itm_terracotta_skeleton_pl|Terracotta Скелета Головы
itm_ancient_samurai_yoroi|Древний Самурайский Ёрой
itm_ancient_samurai_yoroi_pl|Древний Самурайский Ёрой
itm_ancient_boots|Древний Сапоги
itm_ancient_boots_pl|Древний Сапоги
itm_ancient_terracotta_yoroi|Terracotta Ёрой
itm_ancient_terracotta_yoroi_pl|Terracotta Ёрой
itm_mingfu_dress|Зелёный Mingfu
itm_mingfu_dress_pl|Зелёный Mingfu
itm_yellow_mingfu_dress|Жёлтый Mingfu
itm_yellow_mingfu_dress_pl|Жёлтый Mingfu
itm_patchwork_robes|Лоскутные Робы
itm_patchwork_robes_pl|Лоскутные Робы
itm_scorch_rags|Опалённый Тряпьё
itm_scorch_rags_pl|Опалённый Тряпьё
itm_miner_helmet|Шахтёр Helmet
itm_miner_helmet_pl|Шахтёрские Шлемы
itm_hiver_kebiki|Улья Kebiki
itm_hiver_kebiki_pl|Улья Kebikis
itm_hide_outfit|Шкуры Ловца
itm_hide_outfit_pl|Шкуры Ловца
itm_bonedog1|Костяной Пёс
itm_bonedog1_pl|Костяные Псы
itm_traveller_robes|Робы Путешественника
itm_traveller_robes_pl|Робы Путешественника
itm_shek_cuirass|Шекский Кираса
itm_shek_cuirass_pl|Шекский Кираса
itm_makeshift_plankshield|Самодельный Щит
itm_makeshift_plankshield_pl|Самодельный Щиты
itm_female_traveller_oufit|Конопляные Робы(Ж)
itm_female_traveller_oufit_pl|Конопляные Робы(Ж)
itm_female_pirate_shirt|Hemp Рубаха(F)
itm_female_pirate_shirt_pl|Конопляные Рубахи(Ж)
itm_white_ronin_lamellar|Белый Ронина Ламелляр
itm_white_ronin_lamellar_pl|Белый Ронина Ламелляр
itm_burka|Синоби Headdress
itm_burka_pl|Синоби Headdresses
itm_hiver_stainedkasa|Улья Stained Каса
itm_hiver_stainedkasa_pl|Улья Stained Каса
itm_pepper_sack|Перец
itm_pepper_sack_pl|Перец
itm_ronindirty_hakama|Ронина Dirty Хакама
itm_ronindirty_hakama_pl|Ронина Dirty Хакамы
itm_holy_sandogasa|Blessed Сандогаса
itm_holy_sandogasa_pl|Blessed Сандогасы
itm_scorchlander_rogue_outfit|Опалённый Rogue Рубаха
itm_scorchlander_rogue_outfit_pl|Опалённый Rogue Рубахи
itm_shek_cowled_helm|Шекский Helmet и Cowl
itm_shek_cowled_helm_pl|Шекский Шлемы и Cowls
itm_mechanical_spider|Механический Паук MKI
itm_mechanical_spider_pl|Механические Пауки MKI
itm_llantashield|Древний Металлоломный Круглый Щит
itm_llantashield_pl|Древний Металлоломный Круглый Щит
itm_noble_arrows|Дворянский Стрелы
itm_noble_arrows_pl|Дворянский Стрелы
itm_noble_bow|Дворянский Ebony Лук
itm_noble_bow_pl|Дворянский Ebony Луки
itm_warlord_saber|Вождя Сабля
itm_warlord_saber_pl|Вождя Сабли
itm_cruel_pike|Жестокий Пика
itm_cruel_pike_pl|Жестокие Пики
itm_clanguard_battlescythe|Клановый Battlescythe
itm_clanguard_battlescythe_pl|Клановый Battlescythes
itm_nomad_blade|Кочевой Клинок
itm_nomad_blade_pl|Кочевой Клинки
itm_bloodstained_old_sword|Окровавленный Старый Меч
itm_bloodstained_old_sword_pl|Окровавленный Старый Мечи
itm_rhun_infantry_sword|Клановый Пехота Меч
itm_rhun_infantry_sword_pl|Клановый Пехота Мечи
itm_skinbandit_clawas|Кожаный Бандит Каркас
itm_skinbandit_clawas_pl|Кожаный Бандит Каркасы
itm_simple_robe|Самодельный Роба
itm_simple_robe_pl|Самодельные Робы
itm_ancient_skeleton_legs|Древний Скелета Ноги
itm_ancient_skeleton_legs_pl|Древний Скелета Ноги
itm_ancient_skeleton_claw|Древний Скелета Claw
itm_ancient_skeleton_claw_pl|Древний Скелета Claws
itm_ancestral_skelebodee|Древний Скелета Каркас
itm_ancestral_skelebodee_pl|Древний Скелета Каркасы
itm_nonla_and_turban|Нон Ла
itm_nonla_and_turban_pl|Нон Ла
itm_rebel_pike|Деревянный Пика
itm_rebel_pike_pl|Деревянные Пики
itm_guom_truong|Гуом Чыонг
itm_guom_truong_pl|Гуом Чыонг
itm_alchemist_goggles|Work Очки
itm_alchemist_goggles_pl|Work Очки
itm_cannihunt_helmet|Каннибальский Охотник Helmet
itm_cannihunt_helmet_pl|Каннибальский Охотник Шлемы
itm_cannibal_hunter_leatherstu|Шипованный Кожа Доспех
itm_cannibal_hunter_leatherstu_pl|Шипованный Кожа Доспехи
itm_cannhunter_capt|Охотник Латы и Кожаная Одежда
itm_cannhunter_capt_pl|Охотник Латы и Кожаная Одежда
itm_flesh_shield|Плоть Covered Каплевидный Щит
itm_flesh_shield_pl|Каплевидные Щиты, Покрытые Плотью
itm_boxer_ushanka|Боксёр Ушанка
itm_boxer_ushanka_pl|Боксёрские Ушанки
itm_boxer_ushanka2|Открытая Ушанка Боксёра
itm_boxer_ushanka2_pl|Открытая Ушанка Боксёра
itm_willow_leaf_sabre|Люедао
itm_willow_leaf_sabre_pl|Люедао
itm_dirty_gloves|Запачканные Перчатки
itm_dirty_gloves_pl|Запачканные Перчатки
itm_fur_hood|Маскированный Меховой Капюшон
itm_fur_hood_pl|Маскированные Меховые Капюшоны
itm_okranite_headwraps|Бинты Верных
itm_okranite_headwraps_pl|Бинты Верных
itm_scavenger_suneate|Scavenger's Сунэатэ
itm_scavenger_suneate_pl|Scavenger's Сунэатэ
itm_hiver_suneate|Улья Сунэатэ
itm_hiver_suneate_pl|Улья Сунэатэ
itm_hiver_yoroi|Улья Ёрой
itm_hiver_yoroi_pl|Улья Ёрой
itm_scavenger_yoroi|Scavenger Ёрой
itm_scavenger_yoroi_pl|Scavenger Ёрой
itm_bounty_hunter_jingasa|Охотник за Головами Дзингаса
itm_bounty_hunter_jingasa_pl|Охотник за Головами Дзингаса
itm_noble_jingasa|Дворянский Дзингаса
itm_noble_jingasa_pl|Дворянский Дзингаса
itm_chain_gusoku|Карута Татами Гусоку
itm_chain_gusoku_pl|Карута Татами Гусоку
itm_arashi_veiled_jingasa|Сёгунатский Kusari Дзингаса
itm_arashi_veiled_jingasa_pl|Сёгунатский Kusari Дзингаса
itm_cannibal_skull_armor|Табард Кожеплёта
itm_cannibal_skull_armor_pl|Табарды Кожеплёта
itm_dragon_meitou|Last Fang Мейто
itm_dragon_meitou_pl|Last Fang Мейто
itm_tooth_meitou|Houndtooth Мейто
itm_tooth_meitou_pl|Houndtooth Мейто
itm_assassin_sakabato|Ассасина Сакабато
itm_assassin_sakabato_pl|Ассасина Сакабато
itm_black_dragon_katana|Чёрный Дракон Катана
itm_black_dragon_katana_pl|Чёрный Дракон Катаны
itm_dragon_tachi_meitou|Wyrmblood Мейто
itm_dragon_tachi_meitou_pl|Wyrmblood Мейто
itm_akazonae_katana|Акадзонаэ Кавалерийский Катана
itm_akazonae_katana_pl|Акадзонаэ Кавалерийские Катаны
itm_akazonae_odachi|Акадзонаэ Одати
itm_akazonae_odachi_pl|Акадзонаэ Одати
itm_heavy_ji_halberd|Тяжёлый Ji
itm_heavy_ji_halberd_pl|Тяжёлый Ji
itm_meat_cleaver|Мясо Тесак
itm_meat_cleaver_pl|Мясо Тесаки
itm_ninja_fukumen|Fukumen Дзукин
itm_ninja_fukumen_pl|Fukumen Дзукин
itm_flotsam_jingasa|Флотсама Железо Дзингаса
itm_flotsam_jingasa_pl|Флотсама Железо Дзингаса
itm_leather_jacket_female|Boiled Кожа Куртка(F)
itm_leather_jacket_female_pl|Boiled Кожа Куртки(F)
itm_heavy_guandao|Тяжёлый Гуаньдао
itm_heavy_guandao_pl|Тяжёлый Гуаньдао
itm_chain_kote|Кольчуга Котэ
itm_chain_kote_pl|Кольчуга Котэ
itm_kenpei_commander_robe|Робы Командира Кэмпэй
itm_kenpei_commander_robe_pl|Робы Командира Кэмпэй
itm_arashi_chain_lam|Араси Нио Ламелляр
itm_arashi_chain_lam_pl|Араси Нио Ламелляр
itm_mugenja_hood|Сюгэндзя Капюшон
itm_mugenja_hood_pl|Капюшоны Сюгэндзя
itm_miaodao|Мяодао
itm_miaodao_pl|Мяодао
itm_okranite_lamellar|Огранит Ламелляр Доспех
itm_okranite_lamellar_pl|Огранит Ламелляр Доспехи
itm_executioner_nagamaki|Executioner Нагамаки
itm_executioner_nagamaki_pl|Executioner Нагамаки
itm_chinese_kettle_hat|Железо Li Kui
itm_chinese_kettle_hat_pl|Железо Li Kui
itm_rough_greaves|Грубый Латы Поножи
itm_rough_greaves_pl|Грубый Латы Поножи
itm_rougho_greaves|Грубый Поножи
itm_rougho_greaves_pl|Грубый Поножи
itm_steel_plate_greaves|Сталь Латы Поножи
itm_steel_plate_greaves_pl|Сталь Латы Поножи
itm_makeshift_iron_greaves|Pig Железо Поножи
itm_makeshift_iron_greaves_pl|Pig Железо Поножи
itm_shinobi_maskhood|Ниндзя Cowl
itm_shinobi_maskhood_pl|Ниндзя Cowls
itm_wrapping_shoes|Wrapping Ботинки
itm_wrapping_shoes_pl|Wrapping Ботинки
itm_black_wrap_shoes|Чёрный Wrapping Ботинки
itm_black_wrap_shoes_pl|Чёрный Wrapping Ботинки
itm_mk1_horsechopper|Model# MKI Конная Секира
itm_mk1_horsechopper_pl|Model# MKI Конные Секиры
itm_martial_artisto_hat|Мастер Боевых Искусств Шляпа
itm_martial_artisto_hat_pl|Шляпы Мастера Боевых Искусств
itm_executioner_zhandao|Палаческий Чжаньдао
itm_executioner_zhandao_pl|Палаческий Чжаньдао
itm_captain_suneate|Латный Сунэатэ
itm_captain_suneate_pl|Латный Сунэатэ
itm_shugenja_headwrapping|Сюгэндзя Головная Повязка
itm_shugenja_headwrapping_pl|Сюгэндзя Головная Повязка
itm_enforcer_hwando|Силовик Хвандо
itm_enforcer_hwando_pl|Силовик Хвандо
itm_iron_choppa|Железо Chopper
itm_iron_choppa_pl|Железо Chopper
itm_gut_pick_arrow|Кишки Picker Стрелы
itm_gut_pick_arrow_pl|Кишки Picker Стрелы
itm_serpent_jingasa|Змеиный Клановый Дзингаса
itm_serpent_jingasa_pl|Змеиный Клановый Дзингаса
itm_serpent_clan_hakama1|Змеиный Бронированный Хакама
itm_serpent_clan_hakama1_pl|Змеиный Бронированный Хакама
itm_serpent_clan_hakama2|Змеиный Swordsman Хакама
itm_serpent_clan_hakama2_pl|Змеиный Swordsman Хакама
itm_serpent_suneate|Змеиный Клановый Сунэатэ
itm_serpent_suneate_pl|Змеиный Клановый Сунэатэ
itm_serpent_suneate2|Yojimbo Сунэатэ
itm_serpent_suneate2_pl|Yojimbo Сунэатэ
itm_serpent_lamellar|Чёрный Ламелляр Доспех
itm_serpent_lamellar_pl|Чёрный Ламелляр Доспех
itm_marksman_lamellar|Снайпер Ламелляр Доспех
itm_marksman_lamellar_pl|Снайпер Ламелляр Доспехи
itm_crested_jingasa|С Гребнем Дзингаса
itm_crested_jingasa_pl|Дзингасы с Гребнем
itm_marksman_helmet|Снайпер Helmet
itm_marksman_helmet_pl|Шлемы Снайпера
itm_tied_balaclava|Завязанный Балаклава
itm_tied_balaclava_pl|Завязанный Балаклава
itm_black_lamellar_gunner|Стрелок Ламелляр Доспех
itm_black_lamellar_gunner_pl|Стрелок Ламелляр Доспех
itm_border_guard_armor|Пограничник Доспех
itm_border_guard_armor_pl|Доспехи Пограничника
itm_outlaw_gusoku|Отщепенец Гусоку
itm_outlaw_gusoku_pl|Отщепенец Гусоку
itm_dragon_clan_lamellar|Драконий Клановый Brigandine
itm_dragon_clan_lamellar_pl|Драконий Клановый Brigandine
itm_dragon_clan_maskhelmet|Драконий Маскированный Helmet
itm_dragon_clan_maskhelmet_pl|Драконий Маскированный Шлемы
itm_dragon_warrior_heavy|Драконий Воин Доспех
itm_dragon_warrior_heavy_pl|Драконий Воин Доспехи
itm_dragon_warrior_mask|Драконий Воин Маска
itm_dragon_warrior_mask_pl|Драконий Воин Маски
itm_dragon_heavy_mask|Драконий Клановый Маска
itm_dragon_heavy_mask_pl|Драконий Клановый Маски
itm_dragon_visored_helm|Драконий Visored Helmet
itm_dragon_visored_helm_pl|Драконий Visored Шлемы
itm_jingasa_goggles|Усиленный Дзингаса и Очки
itm_jingasa_goggles_pl|Усиленный Дзингаса и Очки
itm_geom|Гом
itm_geom_pl|Гом
itm_serpent_clan_hakamalong|Змеиный Ронина Хакама
itm_serpent_clan_hakamalong_pl|Змеиный Ронина Хакама
itm_dragon_warrior_chesto|Драконий Path
itm_dragon_warrior_chesto_pl|Драконий Path
itm_hooded_hanyamen|Ханьямэн с Капюшоном
itm_hooded_hanyamen_pl|Ханьямэн с Капюшоном
itm_kodachi_shield|Для Левой Руки Kodachi
itm_kodachi_shield_pl|Для Левой Руки Kodachi
itm_monohoshi|Тяжёлый Монохоси
itm_monohoshi_pl|Тяжёлый Монохоси
itm_brutal_dadao|Ронина's Дадао
itm_brutal_dadao_pl|Ронина's Дадао
itm_zhanmadao|Чжаньмадао
itm_zhanmadao_pl|Чжаньмадао
itm_peasant_magua|Магуа Простолюдина
itm_peasant_magua_pl|Магуа Простолюдина
itm_halat_robe|Робы Халат
itm_halat_robe_pl|Робы Халат
itm_hook_arrows|Hook Стрелы
itm_hook_arrows_pl|Hook Стрелы
itm_flaying_club|Для Свежевания Дубина
itm_flaying_club_pl|Дубины для Свежевания
itm_items_end|Конец Списка
itm_items_end_pl|Конец Списка
